client_id,name,email_id,contact_no,address
CRM2015,Angela Hunt,angelahu178@clientlink.io,9213449146,"San Francisco, CA, 4076 Petty Spur Suite 933"
CRM1221,Laura Perez,lauraper605@clientlink.io,9812921644,"Chennai, 5061 Darlene River Apt. 901"
CRM1341,Sandra Harrison,sandraha774@clientlink.io,9416905717,"Chennai, 137 Christopher Fall Suite 112"
CRM2077,James Terry,jamester116@clientlink.io,9707254955,"San Francisco, CA, 28389 Nunez Ford"
CRM1943,Monica Medina,monicame890@clientlink.io,9575006056,"Hyderabad, 86448 Eugene Crest"
CRM2155,Jeremy Clayton,jeremycl867@clientlink.io,9275571407,"Pune, 03471 Daniel Spurs Suite 197"
CRM2083,Alexa Wallace,alexawal272@clientlink.io,9476326283,"Bengaluru, 4729 Henderson Hollow"
CRM1936,Jessica Hernandez,jessicah115@clientlink.io,9209980341,"Chennai, 700 Tina Lodge"
CRM1720,Tamara Pace DVM,tamarapa968@clientlink.io,9922543647,"Mumbai, 3523 Lopez Lodge"
CRM2013,Stephen Jennings,stephenj288@clientlink.io,9586145040,"Hyderabad, 98310 Wright Streets"
CRM1070,Elizabeth Walker,elizabet357@clientlink.io,9881913386,"Bengaluru, 4510 Burgess Extensions"
CRM2150,Robin Parker,robinpar731@clientlink.io,9486949792,"Hyderabad, 212 Matthew Route Suite 495"
CRM1525,Charles Rose,charlesr860@clientlink.io,9288000513,"Singapore, 041 Brian Row Apt. 928"
CRM2134,Jamie Mclaughlin,jamiemcl157@clientlink.io,9532689999,"London, UK, 9235 Joshua Grove"
CRM1706,Richard Nguyen,richardn75@clientlink.io,9852032540,"New York, NY, 856 Norman Extensions"
CRM1781,Michael Price,michaelp679@clientlink.io,9186561759,"Singapore, 74204 Simmons Spur Apt. 137"
CRM2010,William Frye,williamf997@clientlink.io,9811293744,"Delhi NCR, 020 Tiffany Harbor"
CRM1833,Brian Crosby,briancro975@clientlink.io,9595663087,"Berlin, DE, 45618 Jones Inlet Suite 600"
CRM1372,Charles Hernandez,charlesh122@clientlink.io,9287364857,"Singapore, 364 Lucas Glens"
CRM2040,Matthew Leonard,matthewl296@clientlink.io,9194190297,"Kolkata, 865 Mary Fords Suite 319"
CRM1037,Jason Peters,jasonpet404@clientlink.io,9168212356,"Kolkata, 0143 Holt Inlet Suite 788"
CRM1843,Daniel Conway,danielco180@clientlink.io,9481187819,"Singapore, 3882 Joseph Land Suite 148"
CRM1743,Holly King DDS,hollykin50@clientlink.io,9747382621,"Bengaluru, 34476 Williams Summit"
CRM1633,Jacob Owens,jacobowe161@clientlink.io,9508226265,"Singapore, 5203 Ward Fields"
CRM2188,Ariel Watson,arielwat390@clientlink.io,9455749066,"Pune, 5286 Reyes Divide Apt. 961"
CRM1816,Ashlee Miller,ashleemi711@clientlink.io,9282088279,"Kolkata, 200 Thompson Dale"
CRM1028,Natasha Wells,natashaw945@clientlink.io,9326541099,"London, UK, 734 Jones Heights Apt. 455"
CRM1234,Michael Nielsen,michaeln597@clientlink.io,9113169872,"Pune, 38862 Gregory Ridges"
CRM1741,Alejandro Watts,alejandr558@clientlink.io,9199282456,"Berlin, DE, 0795 Huerta Land"
CRM1469,Isabel Brown,isabelbr327@clientlink.io,9475617211,"Singapore, 0502 Jacobs Springs"
CRM1271,Robert Davis,robertda47@clientlink.io,9690661740,"San Francisco, CA, 572 Petersen Spurs"
CRM1900,Debra White,debrawhi152@clientlink.io,9761587312,"Hyderabad, 423 Frances Streets Suite 633"
CRM1361,Jennifer Mills,jennifer465@clientlink.io,9576078963,"Hyderabad, 215 Matthew Ranch"
CRM1382,Stacey Walker,staceywa712@clientlink.io,9557707813,"Bengaluru, 73420 Williamson Rapid"
CRM1748,Craig Travis,craigtra500@clientlink.io,9909956465,"Hyderabad, 2801 Terri Greens"
CRM1860,Anthony Stanley,anthonys991@clientlink.io,9557810637,"San Francisco, CA, 58482 Gray Crossing Apt. 624"
CRM1670,Lee Daniel,leedanie315@clientlink.io,9109950544,"London, UK, 9083 Michael Bypass Suite 158"
CRM1951,William Williams,williamw671@clientlink.io,9417335858,"Mumbai, 0254 Simpson Greens Apt. 916"
CRM1442,Kathleen Adams,kathleen272@clientlink.io,9257243284,"Hyderabad, 33736 Kevin Lane"
CRM1016,Krystal Stewart,krystals601@clientlink.io,9488302652,"Hyderabad, 6247 Hickman Cliffs"
CRM1517,Sabrina Farrell,sabrinaf986@clientlink.io,9172670118,"New York, NY, 45723 Amy Grove Apt. 001"
CRM1961,Kelly Price,kellypri739@clientlink.io,9774922644,"New York, NY, 79867 Frey Crossroad"
CRM2071,Adam Gallagher,adamgall691@clientlink.io,9339699130,"London, UK, 4420 Laura Fall"
CRM1516,Jamie Smith,jamiesmi97@clientlink.io,9817490291,"New York, NY, 31429 Laura Branch"
CRM1139,Alexander Garcia,alexande428@clientlink.io,9816070802,"Chennai, 4573 Bailey Court"
CRM1812,Katherine Miller,katherin577@clientlink.io,9480012570,"Bengaluru, 4988 Welch Islands Apt. 984"
CRM2001,Carlos Myers,carlosmy11@clientlink.io,9459722166,"Singapore, 029 Jeffery Forges"
CRM1813,Alex Webb,alexwebb342@clientlink.io,9942284665,"Kolkata, 94412 Megan Forges Apt. 721"
CRM1536,Jesse Gardner,jessegar357@clientlink.io,9515156661,"Delhi NCR, 605 Irwin Forest"
CRM2107,Ashley Miller,ashleymi389@clientlink.io,9298514700,"Kolkata, 5900 Martha Mills"
CRM1771,David Kane,davidkan685@clientlink.io,9618836510,"San Francisco, CA, 23166 Benjamin Meadows Suite 620"
CRM1709,Kimberly Sanders,kimberly671@clientlink.io,9883068639,"Kolkata, 2585 Anderson Lights Apt. 499"
CRM2047,Jennifer Reilly,jennifer807@clientlink.io,9970471079,"Pune, 9743 Wiley Greens Apt. 882"
CRM1123,Angel Shields,angelshi237@clientlink.io,9605399561,"Hyderabad, 2353 Hudson Gardens Suite 854"
CRM1889,Jon Berry,jonberry517@clientlink.io,9922399856,"New York, NY, 84449 Jessica Extension Suite 026"
CRM1197,Shawn Collins,shawncol703@clientlink.io,9718257024,"Kolkata, 10447 Hamilton Spur Apt. 575"
CRM1035,Jack Snow,jacksnow891@clientlink.io,9150590821,"Bengaluru, 877 Petersen Ramp Suite 531"
CRM1870,Cody Hoover,codyhoov635@clientlink.io,9517298229,"Kolkata, 82980 Haley Isle Suite 744"
CRM1746,James Moore,jamesmoo320@clientlink.io,9457517705,"Mumbai, 059 Eric Road"
CRM1869,Brandon Shelton,brandons550@clientlink.io,9625579419,"Singapore, 06011 Chang Islands Suite 178"
CRM2149,Laura Fowler,laurafow43@clientlink.io,9367888133,"San Francisco, CA, 489 Holder Drive"
CRM2133,Dr. Kathryn Adams DDS,drkathry494@clientlink.io,9753868135,"Mumbai, 819 Ashley Overpass Suite 992"
CRM1531,Candace Stuart,candaces494@clientlink.io,9683074770,"Pune, 2545 Williams Station Suite 339"
CRM1758,James Lee,jameslee210@clientlink.io,9263650505,"Chennai, 3305 Summers Orchard"
CRM1095,Elizabeth Martin,elizabet281@clientlink.io,9643189555,"Delhi NCR, 43842 Mendez Course Apt. 992"
CRM1107,Denise Hoffman,deniseho662@clientlink.io,9240466536,"Pune, 08330 Robert Stravenue"
CRM1782,Patrick Valdez,patrickv425@clientlink.io,9200395400,"Kolkata, 35973 Stokes Crescent Apt. 222"
CRM1285,Jocelyn Wilcox,jocelynw259@clientlink.io,9607042130,"San Francisco, CA, 086 James Mill Suite 447"
CRM1086,Matthew Garcia,matthewg701@clientlink.io,9172972420,"Hyderabad, 277 Lisa Circles Suite 043"
CRM1106,Kenneth Daniels,kennethd55@clientlink.io,9397083132,"Mumbai, 0415 Douglas Summit"
CRM2073,Michelle Graham,michelle191@clientlink.io,9236739271,"Berlin, DE, 41042 Patel Underpass"
CRM1498,Traci Craig,tracicra846@clientlink.io,9338411494,"San Francisco, CA, 506 Gray Landing"
CRM2129,Olivia Carter,oliviaca997@clientlink.io,9914301516,"Bengaluru, 602 White Radial"
CRM2153,Sean Smith,seansmit618@clientlink.io,9624830763,"San Francisco, CA, 25434 Leah Ferry"
CRM1581,Matthew Sandoval,matthews138@clientlink.io,9394689553,"Singapore, 7402 Mason Wall"
CRM1144,Katherine Taylor,katherin450@clientlink.io,9325681936,"London, UK, 72368 Ortiz Overpass Suite 772"
CRM2042,Denise Campbell,deniseca566@clientlink.io,9961321417,"Mumbai, 26876 Parker Shores"
CRM2008,William Franklin,williamf146@clientlink.io,9642698931,"Singapore, 84540 Wendy Dam Apt. 720"
CRM1777,Stephanie Costa,stephani549@clientlink.io,9765484610,"Pune, 64381 Andrew Burgs Suite 132"
CRM1179,Alexander Jackson,alexande424@clientlink.io,9956998797,"Berlin, DE, 6774 Darlene Loaf"
CRM1227,Stephanie Atkinson,stephani766@clientlink.io,9332341238,"San Francisco, CA, 84887 Michael Fork"
CRM1490,Amanda Whitney,amandawh482@clientlink.io,9573087862,"Pune, 40848 Taylor Overpass"
CRM1129,Emily Ali,emilyali128@clientlink.io,9129635852,"Pune, 2939 Rhodes Plains"
CRM1719,Robin Wallace,robinwal838@clientlink.io,9134593072,"Singapore, 4152 Rachel Parks"
CRM1505,Kathryn White,kathrynw732@clientlink.io,9914799481,"San Francisco, CA, 43260 Christopher Center Suite 684"
CRM1428,Allison Booker,allisonb694@clientlink.io,9994807263,"Chennai, 60566 Martinez Path Suite 758"
CRM1135,Michael Henry,michaelh764@clientlink.io,9896662826,"Singapore, 1939 Erin Plaza Apt. 737"
CRM1456,Robert Skinner,robertsk595@clientlink.io,9969533218,"Singapore, 41862 Emily Branch"
CRM1424,Theresa Reid,theresar795@clientlink.io,9326810757,"Delhi NCR, 79502 Chelsea Avenue Apt. 268"
CRM1239,Kaitlyn Burke,kaitlynb586@clientlink.io,9970957171,"Pune, 90669 Dawson Ranch Apt. 277"
CRM1339,Angela Gilmore,angelagi860@clientlink.io,9392624015,"Delhi NCR, 16579 Michael Extensions Apt. 832"
CRM2118,Michael Guerra,michaelg645@clientlink.io,9827497537,"Delhi NCR, 1743 Darlene Manors"
CRM1389,Brandon Oneill,brandono574@clientlink.io,9925667446,"Berlin, DE, 939 Alicia Ports Apt. 613"
CRM1510,Tyler Brown,tylerbro254@clientlink.io,9151270577,"Kolkata, 78686 Lawson Ford"
CRM1137,Rachel Ward,rachelwa331@clientlink.io,9769108025,"Singapore, 529 Anna Rue"
CRM2018,Curtis Morgan,curtismo882@clientlink.io,9384550090,"Bengaluru, 2505 Jeffrey Green Apt. 031"
CRM1390,Allison Maldonado,allisonm472@clientlink.io,9561784080,"Hyderabad, 2017 Gibson Grove"
CRM1818,Kelly Decker,kellydec181@clientlink.io,9167932588,"Kolkata, 81793 Johnson Walk Suite 277"
CRM1982,Carlos Morrow,carlosmo115@clientlink.io,9930355646,"London, UK, 6820 David Ways"
CRM2193,John Daniels,johndani901@clientlink.io,9158048598,"Delhi NCR, 858 Maria Plains Apt. 567"
CRM1613,Kayla Waters,kaylawat405@clientlink.io,9178954113,"New York, NY, 853 Stacy Road"
CRM2034,Lisa Kaiser,lisakais851@clientlink.io,9565098113,"Berlin, DE, 73118 Joseph Spur Suite 413"
CRM1434,Robert Brown,robertbr951@clientlink.io,9840463141,"Chennai, 9822 Parker Junctions Suite 508"
CRM1607,Steven Villanueva,stevenvi516@clientlink.io,9402104065,"London, UK, 576 Yang Mews"
CRM1478,Robert Turner,roberttu168@clientlink.io,9247709679,"Bengaluru, 78333 Karen Shoals Apt. 160"
CRM1236,David Cannon,davidcan973@clientlink.io,9371096600,"San Francisco, CA, 3009 April Lane Apt. 565"
CRM1768,Sabrina Ward,sabrinaw79@clientlink.io,9348499712,"Berlin, DE, 80403 Michelle Ford Suite 657"
CRM2091,Kurt Williams,kurtwill919@clientlink.io,9282649071,"Kolkata, 652 Case Lane Apt. 215"
CRM2021,Robin Lopez,robinlop161@clientlink.io,9451965766,"Bengaluru, 664 White Walk Apt. 074"
CRM1750,Mary Donaldson,marydona339@clientlink.io,9692790631,"Pune, 75096 Emily Stravenue"
CRM1448,Paul Farmer,paulfarm79@clientlink.io,9572191734,"San Francisco, CA, 25999 Baird Ford"
CRM1827,Jennifer Bullock,jennifer336@clientlink.io,9527606494,"Pune, 4881 Tonya Well"
CRM1523,John Anderson,johnande784@clientlink.io,9889401015,"Chennai, 47286 Jason Fork Apt. 212"
CRM2095,Julie Moore,juliemoo170@clientlink.io,9566219118,"Mumbai, 585 Spencer Extension"
CRM1956,Ernest Jenkins,ernestje440@clientlink.io,9710293796,"Chennai, 9067 Brandon Ranch Suite 248"
CRM1128,Maria Rivera,mariariv705@clientlink.io,9529151399,"New York, NY, 97401 Lam Port"
CRM1332,Tammy Thompson,tammytho795@clientlink.io,9874090950,"Singapore, 79956 Julie Islands"
CRM1145,Connie Johnson,conniejo486@clientlink.io,9446012478,"San Francisco, CA, 788 Ashley Grove Suite 807"
CRM1203,Grant Wilson,grantwil528@clientlink.io,9174041730,"Singapore, 762 David Stream Apt. 216"
CRM2175,Sara Greer,saragree707@clientlink.io,9443152572,"Delhi NCR, 62042 Wilson Grove Suite 983"
CRM1978,Lawrence Glover,lawrence288@clientlink.io,9560983746,"New York, NY, 8791 Johnson Unions"
CRM1455,James Lee,jameslee927@clientlink.io,9893410426,"Mumbai, 7771 Amy Gardens"
CRM1336,Danielle Murphy,danielle941@clientlink.io,9196779973,"Pune, 0078 Ronald Lock"
CRM1306,Robert Clay,robertcl399@clientlink.io,9672972597,"Chennai, 469 Gonzalez Springs Suite 494"
CRM2098,Dylan Valenzuela,dylanval298@clientlink.io,9809311588,"Pune, 803 David Forge Suite 113"
CRM1415,Cindy Fuentes,cindyfue805@clientlink.io,9448303473,"London, UK, 67949 Mccullough Tunnel"
CRM1476,Nicole Wright,nicolewr983@clientlink.io,9293555835,"Hyderabad, 630 Smith Lake Apt. 573"
CRM1548,Timothy Martinez,timothym879@clientlink.io,9253308283,"London, UK, 75361 Pope Loop"
CRM1691,Julie Perry,julieper392@clientlink.io,9750407244,"Kolkata, 7742 Douglas Lakes"
CRM1914,Mr. Scott Mcmahon,mrscottm899@clientlink.io,9102655449,"Berlin, DE, 8316 Andrea Falls Suite 172"
CRM2104,Jessica Hoffman,jessicah494@clientlink.io,9187978213,"Bengaluru, 958 Sonia Streets Apt. 902"
CRM1343,Kelly Rogers,kellyrog890@clientlink.io,9342251928,"Singapore, 4924 Kristina Forks Suite 540"
CRM2079,Darius Lynch,dariusly181@clientlink.io,9443080569,"Singapore, 2791 Nguyen Track"
CRM2029,Nathan Burch,nathanbu96@clientlink.io,9792225271,"London, UK, 22273 Patricia Rapids"
CRM1149,Judy Beck,judybeck105@clientlink.io,9459905654,"Hyderabad, 63745 Morgan Ports Apt. 975"
CRM1327,Kurt Gilbert,kurtgilb895@clientlink.io,9707661655,"Singapore, 651 Marc Underpass Apt. 092"
CRM1640,Russell Nelson,russelln499@clientlink.io,9811060614,"New York, NY, 741 Kelly Lakes Suite 872"
CRM2171,Michael Howard,michaelh277@clientlink.io,9397302928,"Singapore, 879 Richard Skyway Apt. 488"
CRM2087,Joshua Nelson,joshuane500@clientlink.io,9989924715,"London, UK, 88983 Mark Inlet"
CRM2003,James Robinson,jamesrob253@clientlink.io,9668883968,"Kolkata, 575 Morris Port Apt. 129"
CRM1405,Amanda Garcia,amandaga875@clientlink.io,9560755939,"New York, NY, 787 Eric Lakes Suite 213"
CRM1312,Alexandra Gibson,alexandr57@clientlink.io,9131081879,"Chennai, 4209 Acosta Port Suite 079"
CRM1277,Nicole Dunn,nicoledu218@clientlink.io,9155417727,"Pune, 9804 Brian Flats"
CRM1445,Gary Turner,garyturn788@clientlink.io,9705306363,"London, UK, 840 Campbell Key"
CRM2028,Christopher Johnson Jr.,christop420@clientlink.io,9984412594,"Chennai, 620 Barbara Roads"
CRM1260,Sandra Martinez,sandrama762@clientlink.io,9563887247,"Chennai, 71837 Maldonado Inlet"
CRM2132,Ashley Friedman,ashleyfr402@clientlink.io,9383614547,"Singapore, 649 Scott Point Suite 862"
CRM1621,Paul Hess,paulhess153@clientlink.io,9653520069,"Chennai, 11860 Julia Plains Apt. 196"
CRM1244,Timothy Woods,timothyw592@clientlink.io,9427899537,"London, UK, 373 Jill Well"
CRM1345,Vanessa Hernandez,vanessah414@clientlink.io,9948988297,"Mumbai, 06727 Moore Streets Suite 474"
CRM1836,Travis Chapman,travisch658@clientlink.io,9249442440,"Pune, 6814 Brittany Points Apt. 152"
CRM1270,William Lewis,williaml977@clientlink.io,9811443654,"Kolkata, 889 Clinton Mount Suite 224"
CRM1190,James Bailey,jamesbai869@clientlink.io,9314061901,"Mumbai, 108 Hoffman Ranch Suite 417"
CRM1578,Eric Hays,erichays240@clientlink.io,9861639583,"Chennai, 10291 John Cove"
CRM1798,Shaun Peterson,shaunpet247@clientlink.io,9569319938,"Bengaluru, 9352 Carolyn Square Suite 263"
CRM1880,Michael Branch,michaelb201@clientlink.io,9250642261,"Chennai, 0723 Hoffman Stream Apt. 893"
CRM2139,Dana Griffin,danagrif888@clientlink.io,9627872109,"Berlin, DE, 98545 Katherine Valley Suite 203"
CRM1630,Dennis Garcia,dennisga804@clientlink.io,9940636753,"London, UK, 973 Aaron Fort Apt. 192"
CRM1229,Karen Howard,karenhow862@clientlink.io,9207939087,"Hyderabad, 5303 Hughes Motorway"
CRM1109,Amanda Huff,amandahu124@clientlink.io,9110382761,"Bengaluru, 04991 Mitchell Row Suite 287"
CRM1612,Tamara Wilson,tamarawi209@clientlink.io,9703246271,"Chennai, 1513 Mark Parkways"
CRM1660,Heather Robinson,heatherr15@clientlink.io,9247604106,"New York, NY, 886 Michele Park Suite 472"
CRM1320,Richard Ramirez,richardr569@clientlink.io,9827579147,"Delhi NCR, 4271 Krause Flats"
CRM1508,Bianca Newton,biancane633@clientlink.io,9880862406,"New York, NY, 71189 Turner Mountains"
CRM1600,Amanda Love,amandalo894@clientlink.io,9512477736,"London, UK, 58093 Rodriguez Parkways Suite 181"
CRM1911,Brittany Smith,brittany911@clientlink.io,9953193777,"Bengaluru, 4318 Linda Extensions"
CRM1146,Ronald Potter,ronaldpo533@clientlink.io,9329460134,"San Francisco, CA, 1713 Lisa Radial Suite 962"
CRM1425,Kimberly Cobb,kimberly345@clientlink.io,9410791488,"Bengaluru, 156 Hughes Villages Apt. 175"
CRM1429,Thomas Patel,thomaspa53@clientlink.io,9896760809,"Kolkata, 036 Sally Flat"
CRM1291,Amber Butler,amberbut685@clientlink.io,9722687986,"San Francisco, CA, 9501 Morris Light"
CRM1669,Maria Matthews,mariamat995@clientlink.io,9904236062,"Pune, 287 Timothy Light Apt. 153"
CRM2120,Heather Hunt,heatherh226@clientlink.io,9279491823,"Hyderabad, 41309 Cindy Creek Suite 386"
CRM1888,Joshua Miller,joshuami478@clientlink.io,9938313402,"London, UK, 92061 Karen Freeway"
CRM1083,Brad Walker,bradwalk68@clientlink.io,9436730606,"Mumbai, 20472 West Avenue Apt. 043"
CRM1392,Samuel Martin,samuelma330@clientlink.io,9202097643,"Kolkata, 47649 Michael Court"
CRM1401,Jeffrey Martin,jeffreym116@clientlink.io,9477577220,"London, UK, 597 Nicole Stream"
CRM1672,Colton Rivas,coltonri546@clientlink.io,9683364453,"San Francisco, CA, 33399 Marshall Plain Apt. 513"
CRM1120,Darin Mathews,darinmat831@clientlink.io,9542073642,"Singapore, 8826 Jonathan Isle Apt. 751"
CRM1262,Brittney Townsend,brittney891@clientlink.io,9997603725,"London, UK, 005 Jacqueline Turnpike Apt. 273"
CRM1446,Samantha Todd,samantha668@clientlink.io,9706118438,"Singapore, 3337 Zachary Turnpike"
CRM1181,Melissa Mayer,melissam37@clientlink.io,9673510887,"Kolkata, 989 David Throughway"
CRM1287,Ann Nguyen,annnguye894@clientlink.io,9246574716,"Bengaluru, 17518 Acosta Pass"
CRM2088,Nancy Green,nancygre240@clientlink.io,9837832868,"Delhi NCR, 27500 Jason Springs"
CRM1587,Bethany Holmes,bethanyh600@clientlink.io,9927878967,"Pune, 850 Lori Highway"
CRM1315,Cynthia Alexander,cynthiaa194@clientlink.io,9950961305,"Delhi NCR, 410 Steven Mountains"
CRM1427,Kathleen Arnold,kathleen730@clientlink.io,9671855941,"Hyderabad, 92124 Nicole Stream"
CRM1399,Jerry Sanchez,jerrysan973@clientlink.io,9814403943,"Kolkata, 0166 Mclaughlin Ranch"
CRM1795,David Robinson,davidrob349@clientlink.io,9680424495,"Kolkata, 08953 Linda Views"
CRM2190,Brandon Clark,brandonc607@clientlink.io,9781178315,"London, UK, 3087 Lowery Mountain"
CRM1506,Jeffery Brown,jefferyb937@clientlink.io,9105638424,"Bengaluru, 4563 Jacobson Falls Apt. 005"
CRM2027,Ana Lopez,analopez860@clientlink.io,9166216779,"Hyderabad, 0943 Kayla Forge"
CRM1752,Harry Marshall,harrymar535@clientlink.io,9486165467,"San Francisco, CA, 7722 Barnes Burg Apt. 562"
CRM1786,John Mendoza,johnmend926@clientlink.io,9202393989,"New York, NY, 28217 Ashlee Gateway"
CRM1140,Eric Patrick,ericpatr577@clientlink.io,9417457352,"Delhi NCR, 238 Andrea Isle"
CRM1439,Breanna Pena,breannap532@clientlink.io,9669732591,"Hyderabad, 3552 Johns Circles Apt. 223"
CRM1187,Shaun Gonzalez,shaungon29@clientlink.io,9604988121,"Berlin, DE, 3457 Reid Crossing"
CRM1580,Dylan Contreras,dylancon211@clientlink.io,9369085407,"Singapore, 6620 Bryant Port"
CRM1947,Duane English,duaneeng576@clientlink.io,9366467312,"London, UK, 79624 Nicole Manor Suite 966"
CRM2060,Tami Moore,tamimoor10@clientlink.io,9613236768,"Chennai, 25909 Cruz Trace"
CRM1488,Calvin Nguyen,calvinng998@clientlink.io,9432288618,"San Francisco, CA, 8887 April Prairie"
CRM1180,Jeremy Baker,jeremyba951@clientlink.io,9601856351,"Delhi NCR, 11586 Angela Ville"
CRM1918,Kenneth Alexander,kennetha858@clientlink.io,9446673808,"Pune, 713 Zimmerman Viaduct Suite 298"
CRM1451,Sharon Anderson,sharonan48@clientlink.io,9585238820,"Mumbai, 99493 Hill Avenue Apt. 716"
CRM1589,Taylor Mercer,taylorme519@clientlink.io,9132519237,"Singapore, 23850 Trevor Valley Apt. 516"
CRM1857,Gail Johnson MD,gailjohn673@clientlink.io,9468377143,"Bengaluru, 015 Katherine Valley"
CRM1189,Maria Byrd,mariabyr51@clientlink.io,9799816232,"Mumbai, 2290 Johnny Valley"
CRM1355,Stacy Harper,stacyhar148@clientlink.io,9677186272,"Kolkata, 22342 David Common"
CRM2026,Brian Bartlett,brianbar822@clientlink.io,9963177562,"Delhi NCR, 78105 Banks Shoals Apt. 002"
CRM1920,Katie Carroll,katiecar361@clientlink.io,9946434607,"Singapore, 852 Dana Lock Apt. 030"
CRM1324,Lydia Howard,lydiahow252@clientlink.io,9214518079,"Kolkata, 03093 Price Turnpike"
CRM1714,Katherine Padilla,katherin864@clientlink.io,9339111798,"Mumbai, 8453 Thomas Plains Suite 090"
CRM1538,Paul Martin,paulmart754@clientlink.io,9188703430,"Kolkata, 659 Morrow Points"
CRM1597,Teresa Ford,teresafo585@clientlink.io,9652955706,"Bengaluru, 3204 Miller Gateway Suite 596"
CRM1664,Ashley Munoz,ashleymu101@clientlink.io,9925412179,"Singapore, 1006 Atkins Cliffs"
CRM1393,Stephen Alvarez MD,stephena393@clientlink.io,9373685835,"Delhi NCR, 266 Billy Junctions Suite 327"
CRM1353,Samantha Cohen,samantha978@clientlink.io,9148690765,"Mumbai, 89520 April Landing Suite 652"
CRM2117,Peter Lowery,peterlow932@clientlink.io,9713342728,"New York, NY, 88498 Hubbard Well"
CRM1603,Kelly Stewart,kellyste537@clientlink.io,9635008544,"San Francisco, CA, 3537 Goodman Crescent"
CRM2081,Audrey Hull,audreyhu917@clientlink.io,9883064819,"Chennai, 457 Jessica Brook"
CRM1369,Elijah Montes,elijahmo842@clientlink.io,9331875999,"Hyderabad, 4049 Ballard Road"
CRM1927,Sara Jones,sarajone390@clientlink.io,9188498371,"Singapore, 97013 Wilson Harbor Apt. 658"
CRM1147,Renee Hudson,reneehud763@clientlink.io,9954725078,"Delhi NCR, 9481 Sydney Turnpike Suite 042"
CRM1391,Andrew Dean,andrewde474@clientlink.io,9988434627,"Kolkata, 04501 Davis Glens"
CRM1994,Amy Park,amypark477@clientlink.io,9693877361,"Mumbai, 54120 Elizabeth Falls Suite 595"
CRM2012,Michael Summers,michaels727@clientlink.io,9521929719,"Berlin, DE, 7569 Cheryl Fork Apt. 102"
CRM2189,Kenneth Moore,kennethm881@clientlink.io,9597959181,"Bengaluru, 0321 Michael Forks"
CRM1724,Amy Bryan,amybryan562@clientlink.io,9351619881,"Hyderabad, 503 Stephen Ferry"
CRM1100,Dylan Hughes,dylanhug116@clientlink.io,9812308209,"Delhi NCR, 16558 Fischer Flat"
CRM2033,Dr. Brenda Martin,drbrenda61@clientlink.io,9594989531,"Delhi NCR, 2589 Jennifer Shores Apt. 256"
CRM1861,Anthony Collins,anthonyc654@clientlink.io,9534916368,"Delhi NCR, 070 Clark Loop"
CRM1696,Barbara Marquez,barbaram124@clientlink.io,9705771555,"Mumbai, 8182 Wilkins Pass Apt. 230"
CRM1859,Laura Woods,laurawoo575@clientlink.io,9287317728,"Delhi NCR, 48905 Harrison Parkways"
CRM1371,Kimberly Ibarra,kimberly143@clientlink.io,9255357534,"New York, NY, 748 Michael Stream"
CRM1628,Mike Wells,mikewell903@clientlink.io,9878810937,"Berlin, DE, 43318 Rivera Circle"
CRM1110,Nicholas Wong,nicholas935@clientlink.io,9841976666,"Delhi NCR, 96685 Richard Court"
CRM1878,Michelle Hanson,michelle720@clientlink.io,9677006598,"Singapore, 997 Pamela Hill Apt. 859"
CRM1929,Christopher Harvey,christop726@clientlink.io,9879524067,"Hyderabad, 9063 David Haven Apt. 554"
CRM2122,Peter Jones,peterjon652@clientlink.io,9983221403,"Delhi NCR, 93245 Mary Row Apt. 097"
CRM1430,Mario Johnson,mariojoh892@clientlink.io,9183604337,"Chennai, 3173 Wall View Suite 831"
CRM1731,Briana Brandt,brianabr651@clientlink.io,9288047830,"Singapore, 809 Jennifer Islands Suite 021"
CRM1904,Andrew Roberson,andrewro931@clientlink.io,9652348887,"Singapore, 7155 Daniel Stream Apt. 593"
CRM1471,Morgan Goodwin,morgango327@clientlink.io,9190966348,"New York, NY, 43640 Lisa Alley Apt. 168"
CRM1461,Mary Jones,maryjone459@clientlink.io,9570039364,"New York, NY, 8389 Jesse Ridges Apt. 436"
CRM1764,Phillip Melton,phillipm569@clientlink.io,9873430762,"San Francisco, CA, 37003 Stephanie Ways"
CRM1952,Melissa Hill,melissah987@clientlink.io,9952312670,"Hyderabad, 182 Wheeler Ports Apt. 880"
CRM1680,Jessica Murphy,jessicam695@clientlink.io,9530391423,"Bengaluru, 021 Krueger Lake Suite 325"
CRM1618,Robert Coleman,robertco522@clientlink.io,9530986098,"Mumbai, 0476 Ashley Expressway"
CRM2183,Cynthia Johnson,cynthiaj310@clientlink.io,9294493146,"Bengaluru, 25333 Adam Expressway"
CRM2004,James Hall,jameshal155@clientlink.io,9164311845,"Berlin, DE, 275 Meyer Club"
CRM1797,Eric Riley,ericrile773@clientlink.io,9637722224,"Chennai, 7726 Johnson Track"
CRM1524,Jessica Brown,jessicab569@clientlink.io,9478278218,"Chennai, 202 Thomas Gardens Apt. 096"
CRM1126,Joseph Hill,josephhi346@clientlink.io,9527849588,"Pune, 11823 Christine Glen Suite 461"
CRM1344,Christopher Glass,christop876@clientlink.io,9526717340,"New York, NY, 31059 Scott Land"
CRM1142,Rebecca Herrera,rebeccah640@clientlink.io,9286860433,"London, UK, 785 Carr Radial Apt. 557"
CRM1468,Eric Archer,ericarch93@clientlink.io,9457944766,"London, UK, 9236 Wise Terrace"
CRM2009,Kimberly Garrett,kimberly616@clientlink.io,9180348617,"London, UK, 1447 Pena Street"
CRM2066,Ralph Edwards,ralphedw610@clientlink.io,9524767500,"Bengaluru, 6329 Gutierrez Grove"
CRM1001,John Doe,john.doe.crm@enterprise.com,9876543210,Mumbai
CRM1112,Margaret Shepard,margaret140@clientlink.io,9561479973,"Mumbai, 2795 Miles Mountains"
CRM1845,Michael Spencer,michaels349@clientlink.io,9908186980,"Kolkata, 644 Courtney Skyway Suite 167"
CRM1950,Benjamin Lutz,benjamin531@clientlink.io,9751682766,"Hyderabad, 9236 Jesse Mountains"
CRM1503,Phillip Macias,phillipm159@clientlink.io,9949738493,"Delhi NCR, 10225 Katrina Freeway"
CRM1048,Thomas Romero,thomasro341@clientlink.io,9743111853,"San Francisco, CA, 8404 Monroe Prairie Suite 278"
CRM2119,Nina Combs,ninacomb469@clientlink.io,9913025234,"Delhi NCR, 43988 William Ford"
CRM1735,Julie Morgan,juliemor782@clientlink.io,9297438548,"New York, NY, 393 Mccullough Plaza"
CRM1467,Larry Jones,larryjon997@clientlink.io,9804980312,"London, UK, 00857 Frost Locks"
CRM1949,James Horton,jameshor906@clientlink.io,9806957378,"Pune, 6728 Guzman Cliff"
CRM1662,Monique Dougherty,moniqued498@clientlink.io,9610778600,"Singapore, 150 Arnold Way Apt. 275"
CRM1767,Dustin Johnson,dustinjo432@clientlink.io,9106854580,"Delhi NCR, 10613 Kathleen Street"
CRM1796,Anna Yang,annayang819@clientlink.io,9250270803,"Berlin, DE, 3379 Patricia Forges"
CRM1751,Raymond Rocha,raymondr674@clientlink.io,9673002461,"Chennai, 575 Wood Hills Suite 583"
CRM1080,Brittany White,brittany687@clientlink.io,9696751693,"Berlin, DE, 65379 Goodwin Tunnel Suite 383"
CRM1708,Karla Rogers,karlarog194@clientlink.io,9539017530,"Delhi NCR, 0139 Stout Squares"
CRM2059,Deanna Ware,deannawa626@clientlink.io,9349777425,"Hyderabad, 754 Rodriguez Turnpike Apt. 406"
CRM1303,Jenna Lyons,jennalyo168@clientlink.io,9803066091,"Bengaluru, 17157 Singleton Haven Suite 992"
CRM1855,Cynthia Williams,cynthiaw473@clientlink.io,9848143863,"Chennai, 8814 Rivera Dale"
CRM1215,Amy Manning,amymanni728@clientlink.io,9740116562,"Pune, 598 Kimberly Fields"
CRM1071,Sandra Drake,sandradr559@clientlink.io,9304235259,"San Francisco, CA, 0715 Berry Station"
CRM1779,John Salinas,johnsali480@clientlink.io,9535968611,"London, UK, 706 Sydney Trace Apt. 748"
CRM1732,Justin Cervantes,justince58@clientlink.io,9632168774,"Chennai, 79649 Cole Summit"
CRM1294,Gregory Shaffer,gregorys900@clientlink.io,9445505799,"Hyderabad, 1448 Wang Crescent Suite 569"
CRM1550,Patrick House,patrickh670@clientlink.io,9935924516,"Chennai, 823 Wilson Forge"
CRM1595,Marie Chavez,mariecha336@clientlink.io,9871336275,"Berlin, DE, 9641 Joshua Ridge Suite 706"
CRM1164,Victor Young,victoryo470@clientlink.io,9609677794,"Pune, 557 Hall Flats Apt. 912"
CRM1419,Kimberly Mitchell,kimberly289@clientlink.io,9544726404,"Hyderabad, 6209 White Station"
CRM1749,Michele Jones,michelej219@clientlink.io,9855665764,"Kolkata, 9496 Robinson Glen"
CRM1723,Amanda Arroyo,amandaar768@clientlink.io,9362781292,"Mumbai, 508 Brandon Hollow"
CRM1641,Keith Chaney,keithcha480@clientlink.io,9285953213,"New York, NY, 58841 Jonathan Mountain Suite 018"
CRM1049,Kimberly Gibson,kimberly909@clientlink.io,9489747629,"Pune, 636 Louis Mountains"
CRM1528,Sarah Johnson,sarahjoh47@clientlink.io,9591429705,"Pune, 043 Danielle Bypass"
CRM1551,Nicholas Case,nicholas43@clientlink.io,9709074302,"London, UK, 8477 Hunt Locks"
CRM1960,Victor Yates,victorya981@clientlink.io,9164927936,"Kolkata, 6259 Peter Cove Apt. 241"
CRM1574,Walter Garcia,walterga808@clientlink.io,9990189659,"New York, NY, 659 Felicia Flats"
CRM1972,Miss Kathryn Myers,misskath189@clientlink.io,9895275666,"Bengaluru, 88098 Gary Crossing"
CRM1837,Alice Robinson,alicerob167@clientlink.io,9807233980,"Berlin, DE, 0849 Travis Freeway"
CRM2177,Ronald Brown,ronaldbr424@clientlink.io,9549431487,"Kolkata, 16370 Jennings Bypass"
CRM1966,Corey Wall,coreywal610@clientlink.io,9519544755,"Singapore, 0801 Rivers Views Apt. 453"
CRM1021,Andrew Ruiz,andrewru283@clientlink.io,9819595113,"Berlin, DE, 3303 Murphy Way Apt. 458"
CRM1632,Sophia Wilkinson,sophiawi654@clientlink.io,9662890182,"Berlin, DE, 8774 Angela Mews"
CRM1407,Jeffrey Hardin,jeffreyh36@clientlink.io,9697794767,"London, UK, 72081 Matthew Locks Apt. 606"
CRM1350,Ronald Davenport,ronaldda345@clientlink.io,9702806585,"London, UK, 02447 Desiree Heights"
CRM1780,Michelle Nielsen,michelle241@clientlink.io,9848651792,"Pune, 54873 Davis Spur Apt. 908"
CRM1276,Anthony Rush,anthonyr520@clientlink.io,9912224654,"Singapore, 1477 Martin Streets"
CRM1824,Jason Sims,jasonsim845@clientlink.io,9562370643,"Singapore, 935 Shannon Hills Apt. 394"
CRM1364,Christina Bates,christin135@clientlink.io,9303805386,"San Francisco, CA, 61675 Ramos Camp"
CRM1300,Corey Hill,coreyhil349@clientlink.io,9733701411,"Bengaluru, 24109 Jamie Keys Suite 424"
CRM2031,Cody Lawson,codylaws934@clientlink.io,9312332805,"Singapore, 0107 Eric Courts"
CRM1814,James Knight,jameskni407@clientlink.io,9544325176,"Bengaluru, 150 Sullivan Meadows Apt. 670"
CRM1012,Cindy Anderson,cindyand109@clientlink.io,9507943839,"Chennai, 11656 Owens Stream Apt. 106"
CRM1496,Scott Meza,scottmez174@clientlink.io,9919390458,"Pune, 31290 Julia Plaza"
CRM1141,Jared Lopez,jaredlop972@clientlink.io,9813962536,"Kolkata, 9660 Jamie Terrace"
CRM2137,Troy Jefferson,troyjeff952@clientlink.io,9610261646,"Pune, 27379 Singh River"
CRM1443,Bradley Walton,bradleyw788@clientlink.io,9264142683,"Singapore, 8956 Mcdonald Lodge"
CRM2196,Kelly Thompson,kellytho807@clientlink.io,9293656603,"Bengaluru, 2702 Ross Greens Suite 095"
CRM1055,Michelle Hopkins,michelle961@clientlink.io,9327416584,"New York, NY, 7095 Christopher Hill"
CRM1175,Stephen Davis,stephend883@clientlink.io,9518744974,"Kolkata, 3315 Buchanan Stravenue"
CRM1379,Jason Randall,jasonran54@clientlink.io,9760465943,"Berlin, DE, 481 Fisher Stream"
CRM1002,Allison Hill,allisonh124@clientlink.io,9786579303,"Mumbai, 600 Jeffery Parkways"
CRM1787,Heidi Perez,heidiper226@clientlink.io,9346709900,"Berlin, DE, 6035 Cole Villages"
CRM1790,Brandon Burns,brandonb683@clientlink.io,9705064109,"Mumbai, 4449 Lawrence Islands"
CRM1602,Earl Hernandez,earlhern330@clientlink.io,9874305759,"Hyderabad, 69026 Stephanie Fork Suite 818"
CRM1806,Kyle Richardson,kylerich738@clientlink.io,9508021882,"Singapore, 4505 Gonzalez Brook Apt. 627"
CRM1245,David Montgomery,davidmon111@clientlink.io,9894664845,"Hyderabad, 790 Melanie Landing"
CRM1286,Amy Black,amyblack205@clientlink.io,9511872350,"London, UK, 81298 Phillip Islands Suite 027"
CRM1520,Mary Cantu,marycant269@clientlink.io,9500830389,"Berlin, DE, 252 Griffin Underpass"
CRM1036,John Bishop,johnbish821@clientlink.io,9271779360,"Singapore, 73545 Beard Squares Suite 808"
CRM2000,Alicia Long,alicialo869@clientlink.io,9782837348,"Berlin, DE, 5032 Poole Cliffs"
CRM1969,Michael Campos,michaelc69@clientlink.io,9356234948,"Hyderabad, 788 Sawyer Street"
CRM1274,James Hamilton,jamesham683@clientlink.io,9101235946,"New York, NY, 9389 John Grove Suite 591"
CRM1318,Joseph Jennings,josephje663@clientlink.io,9595155950,"Pune, 09109 Stephanie Route"
CRM1915,Richard Chandler,richardc660@clientlink.io,9592256138,"Singapore, 2229 Joyce Extension"
CRM1726,Charles Sanchez,charless249@clientlink.io,9410594268,"Berlin, DE, 46066 Ramirez Field Suite 490"
CRM1794,Charles Martinez,charlesm864@clientlink.io,9708485104,"Kolkata, 88421 Harris Shore Apt. 015"
CRM1689,Mary Watson,marywats386@clientlink.io,9416794215,"London, UK, 225 Kristin Burgs"
CRM1191,Shannon Green,shannong139@clientlink.io,9356135680,"San Francisco, CA, 96520 Bright Green"
CRM1396,Blake Hendrix,blakehen841@clientlink.io,9500126515,"Delhi NCR, 61027 Holt Ways"
CRM1839,Laura Olsen,lauraols606@clientlink.io,9614574336,"Kolkata, 30162 Joshua Creek"
CRM2161,Pamela Arnold,pamelaar672@clientlink.io,9242071170,"Delhi NCR, 7516 John Vista"
CRM1192,Andrew Erickson,andrewer980@clientlink.io,9705557720,"Hyderabad, 584 Mary Wells Apt. 417"
CRM1184,John Lynch,johnlync398@clientlink.io,9379340713,"Chennai, 960 Preston Isle"
CRM2163,Todd Li,toddli739@clientlink.io,9427984850,"Berlin, DE, 198 Becky Heights"
CRM2019,Kendra Sullivan,kendrasu712@clientlink.io,9967150570,"Pune, 694 Rivera Motorway Suite 945"
CRM1385,Casey Morris,caseymor609@clientlink.io,9779760958,"New York, NY, 941 Angela Center Suite 375"
CRM1761,Craig Obrien,craigobr851@clientlink.io,9919652226,"San Francisco, CA, 05875 Leslie Stravenue"
CRM1588,Hunter Brennan,hunterbr595@clientlink.io,9923515952,"Kolkata, 984 Montgomery Plains"
CRM1615,Dennis James,dennisja141@clientlink.io,9227572362,"Bengaluru, 3477 Harper Plains"
CRM1018,Brittney Campbell,brittney885@clientlink.io,9185675980,"Hyderabad, 740 Cynthia Village Suite 005"
CRM1418,Daniel Gallegos,danielga444@clientlink.io,9810751262,"San Francisco, CA, 070 Kim Mall Apt. 856"
CRM1222,Michael Obrien,michaelo362@clientlink.io,9670073085,"Kolkata, 072 Derek Lock Suite 245"
CRM2192,Joshua Vasquez,joshuava400@clientlink.io,9830893658,"New York, NY, 32998 Gomez Knolls"
CRM1645,Ellen Cannon,ellencan240@clientlink.io,9420511037,"Pune, 232 Parker Ferry"
CRM1162,Kimberly Flynn,kimberly923@clientlink.io,9872314530,"New York, NY, 85050 Sweeney Stream"
CRM1400,James Palmer,jamespal62@clientlink.io,9874233009,"Pune, 08069 Tran Grove Suite 717"
CRM1515,Alisha Martin,alishama594@clientlink.io,9358303887,"Kolkata, 21637 Garcia Pine"
CRM1718,Tina Lopez,tinalope969@clientlink.io,9302379343,"Berlin, DE, 295 Patricia Squares"
CRM1121,James Jacobs,jamesjac264@clientlink.io,9970535450,"Pune, 3540 Sharon Streets"
CRM1727,Randall Anderson,randalla622@clientlink.io,9720058859,"Singapore, 28524 Mitchell Heights Suite 941"
CRM1823,Gary Hopkins,garyhopk399@clientlink.io,9765926290,"Chennai, 0798 Ryan Throughway"
CRM1940,Terry Moses,terrymos634@clientlink.io,9109099680,"Singapore, 7943 Mariah Track"
CRM2025,Taylor Rhodes,taylorrh265@clientlink.io,9690687810,"Bengaluru, 77729 Ross Islands"
CRM1337,David Hansen,davidhan189@clientlink.io,9546143048,"Hyderabad, 54310 Caldwell Estates"
CRM1639,Shawn Harding,shawnhar222@clientlink.io,9656931857,"New York, NY, 240 Mccarthy Fall"
CRM1514,Rhonda Mullins,rhondamu449@clientlink.io,9412750915,"Mumbai, 2717 Stephen Via Apt. 397"
CRM1362,Ryan Hardy,ryanhard712@clientlink.io,9206681214,"Chennai, 657 Archer Pass Suite 271"
CRM1155,Brian Porter MD,brianpor714@clientlink.io,9804436922,"Mumbai, 69658 Kathryn Trail Apt. 091"
CRM1101,Amber Taylor,ambertay770@clientlink.io,9214929002,"New York, NY, 825 Martin Ridges"
CRM2085,Ryan Stone,ryanston915@clientlink.io,9278604541,"Kolkata, 4980 Roberts Branch"
CRM1993,Mary Greene,marygree875@clientlink.io,9930568802,"Pune, 8619 Douglas Valley"
CRM1997,Patricia Smith,patricia801@clientlink.io,9629741991,"Hyderabad, 36089 Brown Plains"
CRM1923,Ashley Sanders,ashleysa461@clientlink.io,9269633510,"San Francisco, CA, 767 Brian Rest"
CRM1973,David Small,davidsma728@clientlink.io,9247330045,"Mumbai, 6610 William Roads Suite 610"
CRM1801,Thomas Davis,thomasda471@clientlink.io,9941328406,"San Francisco, CA, 2426 Pitts Ferry Apt. 642"
CRM1840,Sandra Smith,sandrasm438@clientlink.io,9842716738,"New York, NY, 15566 Ramos Flats"
CRM2093,Deanna Parker,deannapa924@clientlink.io,9758896006,"San Francisco, CA, 9396 Jackson Vista Apt. 835"
CRM1773,Michele Conner,michelec749@clientlink.io,9668457864,"Pune, 7825 Barber Plains Apt. 556"
CRM1862,Rachel Smith,rachelsm452@clientlink.io,9805778992,"Kolkata, 10401 King Pines"
CRM1716,Evelyn Davis,evelynda554@clientlink.io,9555404004,"Kolkata, 6725 Cody Knoll Apt. 647"
CRM1043,Samantha Jones,samantha522@clientlink.io,9382811832,"Delhi NCR, 1746 Mason Park Suite 190"
CRM1068,Sergio Knight,sergiokn488@clientlink.io,9541417711,"Berlin, DE, 83667 Moore Inlet"
CRM1486,Anthony Baird,anthonyb635@clientlink.io,9576954730,"Pune, 01367 Watts Extensions Suite 176"
CRM1088,Jonathan Glass MD,jonathan93@clientlink.io,9765055833,"Kolkata, 284 Garcia Islands Suite 479"
CRM1566,Christopher Harris DDS,christop215@clientlink.io,9230311939,"Delhi NCR, 432 Maldonado Expressway Apt. 572"
CRM1354,Sandra Pope,sandrapo128@clientlink.io,9628951656,"Bengaluru, 7112 Timothy Inlet"
CRM1092,Chad Jones,chadjone478@clientlink.io,9422119408,"Chennai, 551 Vance Vista"
CRM1737,Jasmin Estrada,jasmines946@clientlink.io,9597169479,"Mumbai, 693 Robert Mountain"
CRM1953,Brianna Nelson,briannan256@clientlink.io,9221057584,"San Francisco, CA, 59266 Gardner Ridges"
CRM2092,Breanna Randolph,breannar570@clientlink.io,9180533234,"Bengaluru, 053 Sarah Rue"
CRM1810,Kimberly Curry,kimberly451@clientlink.io,9301210399,"San Francisco, CA, 7422 Christopher Lights Suite 630"
CRM1730,Steven Brown,stevenbr580@clientlink.io,9165452764,"London, UK, 23570 Jones Gardens"
CRM2084,Jennifer Smith,jennifer405@clientlink.io,9151697938,"San Francisco, CA, 7485 Sullivan Club Apt. 984"
CRM2099,Andrew Wells,andrewwe412@clientlink.io,9153295652,"London, UK, 78730 Wilcox Mews Apt. 515"
CRM1678,Richard Nguyen,richardn635@clientlink.io,9288436227,"Singapore, 1132 Sharp Stravenue Suite 067"
CRM1565,Colleen Brown,colleenb188@clientlink.io,9784725186,"Chennai, 143 Myers Courts"
CRM2199,Michael Butler,michaelb182@clientlink.io,9930584689,"London, UK, 4385 Alexis Islands"
CRM1899,Cody Garrett,codygarr634@clientlink.io,9863166250,"Singapore, 56695 Carroll Burgs Apt. 248"
CRM1873,Brandon Peck,brandonp614@clientlink.io,9759797724,"Bengaluru, 050 Young Locks Suite 608"
CRM1289,Carlos Harris,carlosha529@clientlink.io,9945805127,"Pune, 097 Jay Shoals Suite 767"
CRM1449,Chelsea Rodriguez,chelsear825@clientlink.io,9425150964,"Pune, 82097 Jacob Cliff"
CRM1934,Evelyn Novak,evelynno720@clientlink.io,9553456129,"Delhi NCR, 4362 Jane Burg Apt. 962"
CRM1807,Elizabeth Sanchez,elizabet334@clientlink.io,9518353415,"Chennai, 6775 Steven Mall Apt. 321"
CRM1224,Christopher Marsh,christop323@clientlink.io,9390894296,"Pune, 814 John Flat Suite 552"
CRM1906,James Moreno,jamesmor897@clientlink.io,9397773877,"Singapore, 092 Smith Lake Apt. 388"
CRM1683,Julie Santos,juliesan283@clientlink.io,9909340042,"Chennai, 7725 Hunter Ports Suite 786"
CRM1560,Mary Boyd,maryboyd883@clientlink.io,9245737277,"Bengaluru, 5731 Miranda Station Apt. 583"
CRM1599,Leonard Edwards,leonarde109@clientlink.io,9251266214,"Mumbai, 7232 Monica Shoal Apt. 310"
CRM2191,William Brooks,williamb493@clientlink.io,9176467315,"Hyderabad, 458 Brittany Street"
CRM1521,Ashley Simmons,ashleysi79@clientlink.io,9946666926,"Chennai, 5576 Steele Loop"
CRM1058,Connie Brown,conniebr472@clientlink.io,9655742829,"Bengaluru, 20047 Colton Plain Apt. 675"
CRM2024,Timothy Campbell,timothyc885@clientlink.io,9534212844,"San Francisco, CA, 268 Green Vista Suite 017"
CRM1251,Jillian Miller,jillianm956@clientlink.io,9350636897,"Pune, 569 Sweeney Cliffs"
CRM1205,Mckenzie Morgan,mckenzie660@clientlink.io,9488896443,"San Francisco, CA, 5628 Alexander Estate"
CRM1598,Matthew Patton,matthewp135@clientlink.io,9600871106,"Pune, 77070 Johnson Knolls Suite 836"
CRM1926,Brenda Rogers,brendaro105@clientlink.io,9394226159,"Singapore, 94620 Jackie Lakes"
CRM1072,Alex Nguyen,alexnguy295@clientlink.io,9297018781,"San Francisco, CA, 36968 Randy Inlet Suite 352"
CRM1432,Jennifer Williamson,jennifer127@clientlink.io,9410864588,"Kolkata, 6769 Matthew Spring"
CRM1543,Kathy Shaffer,kathysha53@clientlink.io,9580101819,"Berlin, DE, 613 Sampson Keys Suite 660"
CRM1015,Kevin Shaw,kevinsha859@clientlink.io,9414797776,"Singapore, 91361 Beth Canyon"
CRM1161,John Campbell,johncamp922@clientlink.io,9910943524,"San Francisco, CA, 3494 Steven Ramp"
CRM1358,Michelle Brandt,michelle916@clientlink.io,9265917699,"Kolkata, 138 Richardson Radial"
CRM1307,Suzanne Mooney,suzannem509@clientlink.io,9915401487,"New York, NY, 0580 Jacqueline View"
CRM2156,Paul Wilkerson,paulwilk102@clientlink.io,9839647637,"Pune, 908 Garcia Rue Suite 785"
CRM1201,Andrew Crawford,andrewcr825@clientlink.io,9229981882,"London, UK, 00119 Hernandez Course Apt. 143"
CRM2057,Emily Roach,emilyroa866@clientlink.io,9302114356,"San Francisco, CA, 01239 Cabrera Extension Apt. 034"
CRM1663,Timothy Morse,timothym338@clientlink.io,9408427014,"Pune, 97739 Fritz Underpass"
CRM1025,Jeremy Lewis,jeremyle711@clientlink.io,9335809993,"Chennai, 148 Davis Terrace"
CRM1252,Evan Carter,evancart613@clientlink.io,9771150922,"Singapore, 9876 Ivan Brooks Apt. 341"
CRM2121,Jennifer Bailey,jennifer90@clientlink.io,9554595339,"Singapore, 231 Jennifer Knolls"
CRM1697,Penny Hart,pennyhar217@clientlink.io,9642762599,"London, UK, 825 Craig Expressway"
CRM1728,Stacey Clements,staceycl319@clientlink.io,9354373770,"Delhi NCR, 7113 Marissa Ferry"
CRM1579,Timothy Evans,timothye926@clientlink.io,9657162259,"Pune, 791 Thomas Brooks Apt. 232"
CRM1734,Brianna Stevens,briannas428@clientlink.io,9547025173,"Delhi NCR, 536 Stephenson Mount"
CRM1153,Nathan Fuller,nathanfu599@clientlink.io,9776205431,"Hyderabad, 11219 Bell Meadow Suite 234"
CRM1584,Dr. Morgan Young,drmorgan649@clientlink.io,9807309035,"Berlin, DE, 09410 Scott Landing Apt. 251"
CRM2143,Christopher Arias,christop226@clientlink.io,9574289591,"Kolkata, 29182 Rodriguez Crescent Suite 125"
CRM2062,Amanda Terry,amandate950@clientlink.io,9290546084,"Chennai, 170 Carter Camp"
CRM1501,Thomas Smith,thomassm239@clientlink.io,9502559419,"Mumbai, 2841 Douglas Mill Apt. 256"
CRM1346,Monica Nielsen,monicani475@clientlink.io,9232702394,"Chennai, 81406 Sean Course"
CRM1420,Charles Orozco,charleso363@clientlink.io,9222210617,"Kolkata, 33993 Romero Parkways"
CRM1507,Lawrence Jordan,lawrence865@clientlink.io,9331557515,"Delhi NCR, 10825 Figueroa Lake Suite 343"
CRM1402,Megan Navarro,megannav682@clientlink.io,9266140258,"San Francisco, CA, 1722 Eric Overpass"
CRM1039,Michael Martinez,michaelm706@clientlink.io,9112327652,"Berlin, DE, 271 Audrey Mountains Suite 752"
CRM1284,Tiffany Walker,tiffanyw289@clientlink.io,9857429971,"Kolkata, 757 Ronald Trail Apt. 965"
CRM1849,Melissa Smith,melissas705@clientlink.io,9929296154,"London, UK, 1189 Sandy Harbors Apt. 655"
CRM1504,Kyle Smith,kylesmit493@clientlink.io,9990949719,"Berlin, DE, 92823 Wang Way Suite 363"
CRM1616,Victor Prince,victorpr357@clientlink.io,9953514394,"New York, NY, 612 Huber Shore"
CRM1177,Stephen Martin,stephenm234@clientlink.io,9624232414,"Pune, 970 Dunlap Expressway Suite 201"
CRM1250,Mark Cole,markcole729@clientlink.io,9403566540,"San Francisco, CA, 0615 Barbara Run Apt. 455"
CRM1847,Zachary Jones,zacharyj581@clientlink.io,9657054862,"London, UK, 335 Benjamin Branch"
CRM1148,Michael Poole,michaelp537@clientlink.io,9404713332,"Singapore, 7116 Neal Wells Suite 775"
CRM1089,Heather Williams,heatherw545@clientlink.io,9706907788,"Chennai, 65820 Melinda Springs"
CRM1656,Frederick Brown,frederic768@clientlink.io,9761078179,"London, UK, 695 Alvarez Point Apt. 555"
CRM2159,John Martinez,johnmart221@clientlink.io,9827669728,"Pune, 6810 Lauren Plaza"
CRM1454,Brian Miranda,brianmir604@clientlink.io,9596832859,"New York, NY, 070 Danielle Spring"
CRM2055,Robert Lynch,robertly38@clientlink.io,9735185398,"Berlin, DE, 2332 Cindy Fort Apt. 202"
CRM1206,Sheila Jones,sheilajo190@clientlink.io,9567600762,"Berlin, DE, 83866 Christian Mills Suite 177"
CRM1417,Becky Hansen,beckyhan700@clientlink.io,9153432064,"Bengaluru, 837 David Place"
CRM1788,Travis Hicks,travishi287@clientlink.io,9610564546,"Mumbai, 98471 Greene Mall"
CRM1769,Karen Carlson,karencar527@clientlink.io,9334848459,"San Francisco, CA, 90040 Wallace Stream"
CRM2067,Robert Moore,robertmo149@clientlink.io,9446392556,"Delhi NCR, 5812 Anthony Land"
CRM1762,Maria Foster,mariafos767@clientlink.io,9789014168,"San Francisco, CA, 9908 Jennifer Station Apt. 711"
CRM1465,Christopher Wright,christop347@clientlink.io,9170772317,"Bengaluru, 7156 Jackson Mill"
CRM1989,Andrew Bell,andrewbe287@clientlink.io,9443527737,"Bengaluru, 4357 Warren View"
CRM1298,Susan Wallace,susanwal821@clientlink.io,9812630453,"Singapore, 57845 Kayla Courts"
CRM1893,Jared Chan,jaredcha445@clientlink.io,9334657613,"Bengaluru, 68212 Jeffrey Keys Suite 216"
CRM1122,Melissa Padilla,melissap120@clientlink.io,9852991721,"Kolkata, 7854 Ward Parks Suite 175"
CRM1650,Anthony Coleman,anthonyc848@clientlink.io,9523625992,"Chennai, 575 Rodriguez Fall Suite 861"
CRM2050,Levi Knight,leviknig282@clientlink.io,9358935844,"New York, NY, 21375 Lin Pines Suite 359"
CRM1654,William Miller,williamm857@clientlink.io,9316968866,"New York, NY, 161 Ashley Hollow Apt. 059"
CRM1582,Kelly Palmer,kellypal105@clientlink.io,9672817675,"New York, NY, 2446 Sabrina Rue Suite 679"
CRM1463,Donna Johnson,donnajoh428@clientlink.io,9515985367,"Chennai, 396 White Roads"
CRM1698,Nicole Hernandez,nicolehe345@clientlink.io,9276670424,"New York, NY, 6867 Morris Stravenue Suite 014"
CRM1971,Victoria Fernandez,victoria326@clientlink.io,9159086532,"Singapore, 83972 John Turnpike"
CRM1747,Erin Ortega,erinorte995@clientlink.io,9304036387,"Berlin, DE, 11063 Brendan Common"
CRM2162,Teresa Harding,teresaha239@clientlink.io,9109087862,"Pune, 4261 Timothy Branch"
CRM1763,Teresa Young,teresayo824@clientlink.io,9886808192,"Chennai, 1768 Alicia Row Suite 281"
CRM1232,Gary Wilson,garywils576@clientlink.io,9158546865,"Pune, 30299 Dennis Passage Apt. 920"
CRM1040,Karen Short,karensho778@clientlink.io,9676567501,"Pune, 29413 Angela Mall"
CRM1643,Hunter Martin,hunterma719@clientlink.io,9962915335,"Pune, 966 Flowers Glen Suite 957"
CRM1901,Christopher Miller,christop70@clientlink.io,9964835149,"London, UK, 56292 Shah Forges Apt. 589"
CRM1963,Stacey Peterson,staceype560@clientlink.io,9676132087,"London, UK, 078 Beltran Roads Apt. 548"
CRM1784,Jonathon Sanchez,jonathon94@clientlink.io,9284021712,"San Francisco, CA, 237 Grant Neck"
CRM1957,Edward Bennett,edwardbe791@clientlink.io,9285510711,"San Francisco, CA, 7605 Baker Bridge Suite 565"
CRM1030,Tiffany Barnes,tiffanyb479@clientlink.io,9790256940,"Delhi NCR, 46706 Caldwell Union Suite 272"
CRM1679,Anthony Cooper,anthonyc447@clientlink.io,9987973565,"New York, NY, 156 Morgan Radial"
CRM1163,Cynthia Vasquez,cynthiav466@clientlink.io,9688273030,"Delhi NCR, 03865 Villegas Corner Apt. 826"
CRM1209,Amber Martin,ambermar758@clientlink.io,9986625773,"London, UK, 49331 Lewis Views Apt. 516"
CRM1570,Tracie Wiley,traciewi746@clientlink.io,9869801588,"San Francisco, CA, 5569 Landry Harbor"
CRM1313,Dorothy Mclaughlin,dorothym377@clientlink.io,9415001254,"Chennai, 144 Christina Harbor"
CRM1655,Michael Lopez,michaell722@clientlink.io,9703462253,"Pune, 0630 Sandoval Harbor Suite 795"
CRM2051,Kristi Jordan,kristijo67@clientlink.io,9891412300,"Hyderabad, 45843 Dominguez Locks"
CRM1314,Lindsey Kent,lindseyk553@clientlink.io,9362204999,"Kolkata, 372 Matthew Corner Apt. 927"
CRM1537,Melinda Nelson,melindan386@clientlink.io,9634211672,"New York, NY, 7683 White Center"
CRM1875,Christy Cisneros,christyc392@clientlink.io,9296542559,"Berlin, DE, 68826 Todd Vista Suite 682"
CRM1648,Nicole Melendez,nicoleme748@clientlink.io,9954059995,"Pune, 1562 Hernandez Inlet Suite 704"
CRM1309,Benjamin Smith,benjamin242@clientlink.io,9408570854,"Berlin, DE, 26796 Shawn Manors"
CRM1384,Whitney Campbell,whitneyc77@clientlink.io,9259272239,"Delhi NCR, 4397 Mike Spur"
CRM1693,William Barnett,williamb233@clientlink.io,9986485022,"Hyderabad, 6529 Julie Union"
CRM1397,Robert Jensen,robertje989@clientlink.io,9729712082,"New York, NY, 22031 Heather Field Apt. 372"
CRM1530,Patricia Johnson,patricia537@clientlink.io,9432941445,"Kolkata, 2271 Stephanie Fort"
CRM1269,Jennifer Schultz,jennifer431@clientlink.io,9454123990,"Berlin, DE, 457 Moyer Alley Apt. 490"
CRM1243,Tonya Ellis,tonyaell890@clientlink.io,9419280490,"London, UK, 41633 Gutierrez Knoll Apt. 434"
CRM2123,Mark Thomas,markthom337@clientlink.io,9376903372,"Berlin, DE, 64963 Gregory Common Suite 422"
CRM2170,Charlene Black,charlene354@clientlink.io,9168544512,"Pune, 2076 Douglas Cliff Apt. 538"
CRM2186,Natalie Cooke,nataliec680@clientlink.io,9460382610,"Bengaluru, 29075 Edwards Well Apt. 012"
CRM1760,Dan Phillips,danphill976@clientlink.io,9802879944,"Singapore, 7276 Brittney Trace"
CRM1104,Jason Gutierrez,jasongut510@clientlink.io,9642678844,"Pune, 028 Ann Shore Suite 865"
CRM1955,Michael Woods,michaelw145@clientlink.io,9439809925,"Kolkata, 1171 Vega Circle"
CRM1964,Justin Potter,justinpo327@clientlink.io,9189761677,"Bengaluru, 06445 Pearson Junction Apt. 311"
CRM2058,Joshua Ellis,joshuael512@clientlink.io,9288502642,"Mumbai, 72224 Nicole Centers"
CRM1601,Sandra Becker,sandrabe843@clientlink.io,9271476207,"Chennai, 59556 Ruiz Hill"
CRM2173,Joanna Lynn,joannaly256@clientlink.io,9921921869,"Mumbai, 7078 Porter Junction Suite 426"
CRM2111,Rebecca Schmidt,rebeccas694@clientlink.io,9192027526,"Chennai, 1358 Carroll Fords"
CRM2168,Jeremy Johnson,jeremyjo584@clientlink.io,9501826151,"Singapore, 56478 Timothy Stream Apt. 317"
CRM1546,Caitlin Morris,caitlinm425@clientlink.io,9784523874,"Chennai, 920 Ashley Burg"
CRM1710,Mrs. Amanda Kelley DDS,mrsamand469@clientlink.io,9510684364,"Kolkata, 37320 Sanchez Brooks"
CRM1499,Danielle Ryan,danielle434@clientlink.io,9128636900,"Mumbai, 3096 Sandra Row Apt. 797"
CRM1967,Joshua Gallegos,joshuaga707@clientlink.io,9797759882,"Singapore, 0018 Jennifer Locks"
CRM1944,Nancy Hall,nancyhal153@clientlink.io,9207873599,"Bengaluru, 200 Fernandez Manor"
CRM1535,Shane Caldwell,shanecal771@clientlink.io,9529520110,"San Francisco, CA, 12166 Richard Circles Suite 597"
CRM1491,Kayla Watts,kaylawat550@clientlink.io,9639991949,"Kolkata, 29839 Ramirez Stream Suite 184"
CRM1526,Melanie Liu,melaniel500@clientlink.io,9846668526,"Singapore, 362 Dudley Pike Suite 236"
CRM1611,Steven Moyer,stevenmo56@clientlink.io,9492922240,"Kolkata, 3496 Meyer Village"
CRM1774,William Saunders,williams27@clientlink.io,9407829477,"New York, NY, 6194 Marvin Knolls Suite 782"
CRM1447,Julia Conner,juliacon894@clientlink.io,9447042200,"Singapore, 77805 Barbara Crossroad Suite 075"
CRM1668,Jeremiah Phillips,jeremiah816@clientlink.io,9526269674,"San Francisco, CA, 3039 Hernandez Bridge Suite 588"
CRM1484,Jeanne Rose,jeannero748@clientlink.io,9277746324,"San Francisco, CA, 25904 Pena Ports Apt. 774"
CRM1941,Michael Robertson,michaelr749@clientlink.io,9477084942,"Hyderabad, 14262 Jason Center Suite 821"
CRM1841,Harry Berg,harryber728@clientlink.io,9486041850,"New York, NY, 0672 Kimberly Village"
CRM1242,Jason Rodriguez,jasonrod399@clientlink.io,9661107986,"San Francisco, CA, 489 Benson Lane"
CRM1069,Brittney Webster,brittney671@clientlink.io,9801642483,"Bengaluru, 679 Perry Forge Apt. 561"
CRM1168,Jennifer Johnson,jennifer92@clientlink.io,9679984033,"Delhi NCR, 7209 Deborah Parks Suite 870"
CRM1381,Melissa Sparks,melissas72@clientlink.io,9133447745,"San Francisco, CA, 2954 Christopher Land"
CRM1295,Cheyenne Bass,cheyenne595@clientlink.io,9356415500,"Kolkata, 2785 Bowers Loop"
CRM1985,Austin Hartman,austinha382@clientlink.io,9606553372,"Kolkata, 509 Megan Valley"
CRM1765,Peter Santiago,petersan667@clientlink.io,9682115008,"Mumbai, 68103 Jason Prairie Suite 051"
CRM1062,Alexis Baker,alexisba890@clientlink.io,9133729406,"Chennai, 177 Palmer Coves"
CRM1349,Eric Mcneil,ericmcne492@clientlink.io,9351064359,"Mumbai, 06462 Page Throughway Apt. 326"
CRM1789,Paula Mejia,paulamej957@clientlink.io,9834899763,"Pune, 5489 Calhoun Walk Suite 876"
CRM2022,Leah Wilson,leahwils415@clientlink.io,9481975879,"New York, NY, 489 John Estate"
CRM1954,Lauren Horton,laurenho550@clientlink.io,9176248559,"Mumbai, 155 Werner Unions Apt. 119"
CRM1311,John Vaughn,johnvaug464@clientlink.io,9207918827,"Delhi NCR, 8189 John Roads Apt. 894"
CRM1257,Omar Price,omarpric137@clientlink.io,9571537429,"San Francisco, CA, 944 Gutierrez Walk"
CRM1990,Antonio Atkins,antonioa524@clientlink.io,9228205773,"Singapore, 448 Amy Fall"
CRM1352,Anthony Flores,anthonyf674@clientlink.io,9424474225,"Kolkata, 504 Moreno Club Apt. 219"
CRM2102,Lori Jordan,lorijord624@clientlink.io,9771186296,"San Francisco, CA, 010 Castillo Ports"
CRM1020,Christine Wright,christin176@clientlink.io,9491735568,"Chennai, 232 Nicole Burg Apt. 563"
CRM1160,Shannon Tran,shannont553@clientlink.io,9816806128,"New York, NY, 541 Wilson Spring Apt. 238"
CRM1010,John Pierce,johnpier724@clientlink.io,9271432881,"Kolkata, 346 Kim Path"
CRM1186,Thomas Russell,thomasru441@clientlink.io,9993271900,"Pune, 214 Taylor Vista"
CRM1866,Chelsea Lee,chelseal601@clientlink.io,9167177312,"Bengaluru, 4898 Kelsey Street Apt. 538"
CRM2049,Kelly Lee,kellylee173@clientlink.io,9349926429,"Bengaluru, 03004 Knight Vista"
CRM1838,Jasmine Bryan,jasmineb85@clientlink.io,9504790811,"San Francisco, CA, 443 Jasmine Glens Suite 016"
CRM1564,Matthew Dennis,matthewd738@clientlink.io,9269119969,"Berlin, DE, 489 Stone Coves"
CRM2181,Jody Martin,jodymart377@clientlink.io,9821413281,"New York, NY, 950 Sharp Parkways Suite 406"
CRM1275,Gregory Flores,gregoryf202@clientlink.io,9158201193,"New York, NY, 792 Williams Viaduct Apt. 352"
CRM1022,Ashley Waller,ashleywa83@clientlink.io,9795822698,"London, UK, 96556 Paul Ports"
CRM2007,Evelyn Pierce,evelynpi775@clientlink.io,9592265554,"Bengaluru, 16880 Karen Trail Suite 378"
CRM2041,Colin Mckay,colinmck668@clientlink.io,9314166184,"New York, NY, 20219 Michael Burg"
CRM1097,Benjamin Brown,benjamin458@clientlink.io,9269379374,"New York, NY, 255 Hester Curve Suite 881"
CRM1387,Joseph Thomas,josephth629@clientlink.io,9642831335,"Kolkata, 5644 Black Mews Apt. 572"
CRM1653,Joseph Martinez,josephma272@clientlink.io,9804344630,"Berlin, DE, 7938 Williams Islands Suite 029"
CRM1872,Grace Johnson,gracejoh699@clientlink.io,9973744799,"Berlin, DE, 23998 Charles Mission"
CRM1924,James Garcia,jamesgar217@clientlink.io,9559346003,"Berlin, DE, 2587 James Road"
CRM1703,Jon Garza,jongarza836@clientlink.io,9822378827,"Pune, 996 Williams Coves Apt. 911"
CRM1477,Rebecca Bailey,rebeccab507@clientlink.io,9922653967,"Hyderabad, 649 Jennifer Ways"
CRM1464,Corey Walters,coreywal818@clientlink.io,9156227043,"Singapore, 98338 Ronald Mountain"
CRM1091,Matthew Wright,mattheww415@clientlink.io,9385201412,"Delhi NCR, 681 Hampton Squares Suite 394"
CRM2035,Justin Torres,justinto401@clientlink.io,9131656371,"Singapore, 13626 William Heights"
CRM1410,Caitlin Johnson,caitlinj16@clientlink.io,9476908532,"Delhi NCR, 105 Sims Knoll Apt. 017"
CRM1629,Mark Ware,markware495@clientlink.io,9740926818,"Pune, 6945 Villa Points Apt. 192"
CRM1046,Isaiah Avila,isaiahav790@clientlink.io,9501486939,"Delhi NCR, 7710 Jennifer Inlet"
CRM2068,Dustin Jones,dustinjo820@clientlink.io,9569083854,"Singapore, 9636 Steven Stravenue Apt. 629"
CRM2152,Darin Byrd,darinbyr707@clientlink.io,9233007467,"Mumbai, 188 Willis Manor"
CRM1695,Kayla Rogers,kaylarog730@clientlink.io,9667121569,"Chennai, 158 Brown Lakes Suite 082"
CRM1776,Melinda French,melindaf546@clientlink.io,9203416251,"Delhi NCR, 686 Barbara Summit Suite 137"
CRM1395,Kevin Mack,kevinmac452@clientlink.io,9200105056,"Bengaluru, 26016 Edwards Stream Suite 794"
CRM1529,Krystal Elliott,krystale214@clientlink.io,9949447049,"Mumbai, 54683 Walton Stream Suite 215"
CRM1326,Katherine Smith,katherin684@clientlink.io,9991246046,"Kolkata, 041 Carr Village"
CRM1440,Emily Jordan,emilyjor369@clientlink.io,9475138838,"Berlin, DE, 425 Brian Underpass"
CRM2069,James Rogers,jamesrog334@clientlink.io,9797052007,"Delhi NCR, 33138 Bradley Ports Apt. 211"
CRM1211,Matthew Obrien,matthewo259@clientlink.io,9584044963,"San Francisco, CA, 6547 Devon Rapids"
CRM1237,Dawn Wyatt,dawnwyat420@clientlink.io,9170161976,"San Francisco, CA, 68872 Hansen Orchard Suite 495"
CRM2160,Julie Cordova,juliecor30@clientlink.io,9651131533,"Singapore, 432 Nancy Ferry Apt. 169"
CRM2017,Jose Palmer,josepalm222@clientlink.io,9927142786,"San Francisco, CA, 962 Jennifer View"
CRM1885,Mark Jones,markjone510@clientlink.io,9576582183,"Delhi NCR, 762 Jessica Forges"
CRM1481,Laura Smith,laurasmi907@clientlink.io,9461597989,"London, UK, 5528 Daniel Branch Suite 524"
CRM1832,Angela Cameron,angelaca573@clientlink.io,9924223452,"Mumbai, 8851 Kristi Route Suite 348"
CRM2187,Benjamin Stevens,benjamin772@clientlink.io,9339796534,"Pune, 94193 Peterson Underpass Apt. 922"
CRM1103,Deborah Rios,deborahr713@clientlink.io,9318610946,"Singapore, 962 Anthony Squares"
CRM2166,Robert Richards MD,robertri543@clientlink.io,9827133833,"London, UK, 1281 Velez Isle Apt. 239"
CRM2082,Jamie Dominguez,jamiedom224@clientlink.io,9384769690,"Hyderabad, 125 Harris Ridges Apt. 553"
CRM1231,Haley Sparks,haleyspa139@clientlink.io,9673523188,"Pune, 84322 Michael Stravenue"
CRM1495,Cameron Smith,camerons881@clientlink.io,9653953485,"Bengaluru, 53967 Scott Knoll Suite 844"
CRM1568,Patricia Garcia,patricia488@clientlink.io,9496115351,"New York, NY, 745 Smith Knoll Suite 589"
CRM1398,Shannon Ryan,shannonr135@clientlink.io,9819421270,"Kolkata, 6012 Joanne Mills"
CRM2106,Kendra Moon,kendramo103@clientlink.io,9384546308,"Singapore, 67286 Christopher Stream Apt. 038"
CRM1717,Darrell Duke,darrelld481@clientlink.io,9365764028,"Chennai, 90805 Gary Pines Apt. 056"
CRM1084,Dwayne Turner,dwaynetu951@clientlink.io,9639931481,"New York, NY, 17980 Jennifer Highway Suite 095"
CRM1360,Johnny Cruz,johnnycr43@clientlink.io,9400368694,"Berlin, DE, 86463 Patricia Unions Suite 520"
CRM1480,Jamie Love,jamielov766@clientlink.io,9996703082,"New York, NY, 34141 Christopher Streets Apt. 195"
CRM1151,Mario Barber,mariobar260@clientlink.io,9149621604,"San Francisco, CA, 37129 April Mills"
CRM1188,Kirk Thompson,kirkthom239@clientlink.io,9475767056,"Singapore, 1406 Frank Ports"
CRM1064,Donald Schultz,donaldsc145@clientlink.io,9678998028,"Berlin, DE, 8961 Melissa Run Apt. 673"
CRM1512,Amber Whitney,amberwhi621@clientlink.io,9636687537,"New York, NY, 955 Stacey Plaza Suite 269"
CRM2037,Keith Hull,keithhul914@clientlink.io,9578901124,"Delhi NCR, 693 Hayes Parks"
CRM1272,Elizabeth Cross,elizabet341@clientlink.io,9371011200,"Bengaluru, 6613 Cynthia Roads Suite 048"
CRM1131,Henry Pugh MD,henrypug756@clientlink.io,9471178705,"Chennai, 11426 Jodi Island Suite 110"
CRM1887,Tara Jones,tarajone240@clientlink.io,9395121074,"New York, NY, 33373 Sharon Island Suite 235"
CRM1422,Brenda Fernandez,brendafe325@clientlink.io,9816328133,"Mumbai, 700 Woodward River Suite 200"
CRM1124,Maria Henry,mariahen368@clientlink.io,9594246837,"Pune, 87280 Mary Club"
CRM1622,Jessica Paul,jessicap176@clientlink.io,9442019016,"Kolkata, 976 Jordan Forges Suite 847"
CRM1238,Sarah Hopkins,sarahhop712@clientlink.io,9775862179,"Mumbai, 86589 Eugene Roads"
CRM1988,John Wilson,johnwils264@clientlink.io,9445532283,"Kolkata, 3481 Rachel Stream"
CRM1143,Leslie Powers,lesliepo863@clientlink.io,9688343096,"Mumbai, 2866 Bailey Manors"
CRM1659,Katherine Young,katherin493@clientlink.io,9870257350,"Bengaluru, 3319 White Estate"
CRM1450,David Keller,davidkel529@clientlink.io,9477895080,"Bengaluru, 56621 Amanda Neck"
CRM1593,Mrs. Jennifer Sandoval DDS,mrsjenni435@clientlink.io,9572022811,"San Francisco, CA, 5374 Deleon Highway"
CRM1605,Rebecca Peterson,rebeccap527@clientlink.io,9522240582,"San Francisco, CA, 732 Smith Crest"
CRM1996,Tyler Vasquez,tylervas485@clientlink.io,9360472583,"Chennai, 805 Schneider Fort Apt. 006"
CRM2056,Shawn Hall,shawnhal587@clientlink.io,9709511014,"Delhi NCR, 1167 Cantu Branch Suite 627"
CRM2148,Sarah Padilla,sarahpad906@clientlink.io,9306978174,"Hyderabad, 24197 Phelps Mills Suite 947"
CRM1625,Debra Clark,debracla586@clientlink.io,9861003571,"Pune, 7788 Samantha Manors"
CRM2052,Timothy Pierce,timothyp407@clientlink.io,9956191734,"Chennai, 62203 Kyle Highway"
CRM1932,Patricia Robles,patricia706@clientlink.io,9657749020,"San Francisco, CA, 317 Hill Course Suite 268"
CRM1684,Abigail Clayton,abigailc596@clientlink.io,9876189202,"Mumbai, 43958 Valdez Flats Suite 923"
CRM1065,Nicholas Edwards,nicholas600@clientlink.io,9713152854,"San Francisco, CA, 711 Christopher Court"
CRM1013,Connor West,connorwe280@clientlink.io,9748245888,"Mumbai, 8108 Tanya Terrace"
CRM1383,Carolyn Bradley,carolynb85@clientlink.io,9576271425,"Bengaluru, 713 James Wall Suite 476"
CRM1700,Victor Hill,victorhi930@clientlink.io,9197647841,"New York, NY, 72450 Abigail Pine"
CRM1375,Sandra Herring,sandrahe63@clientlink.io,9384936197,"Delhi NCR, 5963 Robinson Coves"
CRM1783,Jacob Hale,jacobhal67@clientlink.io,9611106584,"Singapore, 816 Johnson Mews Suite 111"
CRM1050,Matthew Hoover,matthewh909@clientlink.io,9358633898,"London, UK, 951 Garcia Motorway"
CRM1842,Christina Rodriguez,christin121@clientlink.io,9191248659,"Hyderabad, 78197 Turner Fork Suite 347"
CRM1851,Chad Wilson,chadwils435@clientlink.io,9417217932,"Bengaluru, 621 Thomas Avenue Apt. 508"
CRM1634,Thomas Moon,thomasmo980@clientlink.io,9714792641,"Berlin, DE, 760 Hill Centers Apt. 797"
CRM2147,Ellen Bruce,ellenbru910@clientlink.io,9662948033,"London, UK, 76822 Sherman Summit Apt. 726"
CRM1590,Karen Anderson,karenand989@clientlink.io,9789242701,"Pune, 7430 Anthony Tunnel Apt. 896"
CRM1623,Willie Luna,willielu872@clientlink.io,9893838119,"Pune, 90637 Woods Coves Suite 521"
CRM1799,David Roberts,davidrob638@clientlink.io,9925713533,"London, UK, 931 Marquez Brooks"
CRM1441,Tracy Blackwell,tracybla844@clientlink.io,9793039113,"Delhi NCR, 86857 White Station"
CRM1333,Brent Rojas,brentroj653@clientlink.io,9246865585,"Bengaluru, 9706 Javier Ridge"
CRM1976,Erin Leach,erinleac809@clientlink.io,9905066256,"Pune, 4110 Hendricks Hills Apt. 134"
CRM1328,Peter Jackson,peterjac942@clientlink.io,9152660856,"London, UK, 19620 Miller Avenue"
CRM1292,Ana Ruiz,anaruiz561@clientlink.io,9579476614,"San Francisco, CA, 683 Cheryl Coves Apt. 794"
CRM1094,Angela Compton,angelaco112@clientlink.io,9704509817,"Bengaluru, 922 Shaw Ways"
CRM1585,Mark Hawkins,markhawk872@clientlink.io,9462516271,"London, UK, 32683 Brandi Roads Apt. 302"
CRM1029,David Benson,davidben227@clientlink.io,9437882805,"Singapore, 0366 Melissa Track Suite 705"
CRM2180,Scott Moore,scottmoo663@clientlink.io,9674060064,"San Francisco, CA, 9602 Higgins Mission"
CRM1283,Alexander Miller,alexande520@clientlink.io,9265325235,"Berlin, DE, 526 Wells Estates Apt. 306"
CRM2145,Allen Cummings,allencum820@clientlink.io,9653266624,"Delhi NCR, 51204 Smith Street Suite 653"
CRM1569,Monica Smith,monicasm77@clientlink.io,9192573170,"Pune, 7039 Howard Summit"
CRM1965,Micheal West,michealw837@clientlink.io,9318181642,"Delhi NCR, 7633 Newman Springs"
CRM1935,Michael Carlson,michaelc402@clientlink.io,9345829826,"Bengaluru, 3396 Lynn Mill"
CRM2090,Susan Valdez,susanval277@clientlink.io,9442219677,"Bengaluru, 13651 Jerry Hill"
CRM1627,Jeffrey Phillips,jeffreyp607@clientlink.io,9547256709,"Pune, 48395 Kennedy Fords"
CRM1235,Matthew Winters,mattheww358@clientlink.io,9572949775,"Delhi NCR, 650 Perez Unions Suite 659"
CRM1246,Sierra Andrews,sierraan686@clientlink.io,9384161612,"Bengaluru, 3920 Mendoza Plains Apt. 856"
CRM1975,Leah Collier,leahcoll275@clientlink.io,9873916084,"Delhi NCR, 6205 Harding Summit"
CRM2109,David Silva,davidsil241@clientlink.io,9382824466,"Pune, 742 Bailey Gardens"
CRM2142,Brittany Macdonald,brittany629@clientlink.io,9547506309,"Singapore, 4527 Kristine Knolls"
CRM1977,Ashlee Mendez,ashleeme799@clientlink.io,9226762436,"Mumbai, 8366 Kelly Divide"
CRM1690,Jake Skinner,jakeskin499@clientlink.io,9243418388,"Delhi NCR, 26086 Eric Bridge Suite 316"
CRM1970,Kelsey Frank DVM,kelseyfr128@clientlink.io,9566523205,"San Francisco, CA, 271 Franco Springs Apt. 463"
CRM1908,Katrina Bird,katrinab263@clientlink.io,9989575564,"Singapore, 5942 Kevin Ridges Apt. 165"
CRM1219,Theresa Cruz,theresac468@clientlink.io,9627015393,"Mumbai, 877 Kenneth Run Apt. 581"
CRM2020,Jessica Elliott,jessicae627@clientlink.io,9848267035,"Mumbai, 63421 Matthew Land Apt. 809"
CRM1082,Kelli Martinez,kellimar763@clientlink.io,9721890096,"New York, NY, 261 Lisa Keys Apt. 606"
CRM1677,Eric Acosta,ericacos591@clientlink.io,9416779880,"Singapore, 60652 Wang Brook Apt. 344"
CRM1980,Veronica Duncan,veronica533@clientlink.io,9588764892,"Chennai, 8517 Bryant Squares Apt. 274"
CRM1335,Lindsey Clarke,lindseyc603@clientlink.io,9135824891,"Chennai, 68739 Hood Harbors"
CRM1166,Debbie Ewing,debbieew291@clientlink.io,9356888294,"San Francisco, CA, 71210 Maria Forges"
CRM1916,Mary Richards,maryrich824@clientlink.io,9168000803,"New York, NY, 5398 Luke Inlet"
CRM1386,Jonathan James,jonathan621@clientlink.io,9508992977,"New York, NY, 242 Conrad Wells"
CRM2195,Robert Peck,robertpe156@clientlink.io,9591313587,"Chennai, 2863 Gilmore Rue Apt. 122"
CRM2158,Julie Dougherty,juliedou887@clientlink.io,9330122826,"Hyderabad, 722 Erica Trace"
CRM1093,Katie Martinez,katiemar19@clientlink.io,9177892576,"San Francisco, CA, 58957 Cheryl Corners Apt. 467"
CRM2078,Paul Wagner,paulwagn89@clientlink.io,9900306310,"Hyderabad, 67136 Sanford Coves Apt. 132"
CRM1675,Christopher Hodges DDS,christop479@clientlink.io,9885033297,"Singapore, 823 Kathryn Forest Suite 845"
CRM1247,Bryan Holmes,bryanhol575@clientlink.io,9286630878,"Bengaluru, 9155 Lopez Greens"
CRM1721,Tammy Cochran,tammycoc113@clientlink.io,9172253060,"London, UK, 589 Sherman Row"
CRM1821,Robert Ford,robertfo210@clientlink.io,9762143074,"San Francisco, CA, 56592 Misty Expressway Suite 617"
CRM1217,Kenneth Howard DDS,kennethh426@clientlink.io,9873174285,"San Francisco, CA, 268 Davis Forges"
CRM1370,Laura Vargas,lauravar817@clientlink.io,9258435089,"London, UK, 3514 Reynolds Plains Suite 366"
CRM1004,Renee Blair,reneebla768@clientlink.io,9826600539,"New York, NY, 959 Janet Cape Apt. 413"
CRM1992,Jackson Sanders,jacksons80@clientlink.io,9530489781,"San Francisco, CA, 085 Rodriguez Park"
CRM1435,Jonathon Conley,jonathon259@clientlink.io,9213669678,"Kolkata, 315 Elizabeth Square"
CRM1063,Amanda Logan,amandalo295@clientlink.io,9355555531,"Singapore, 6617 Jones Common"
CRM2101,James Miller,jamesmil99@clientlink.io,9559138405,"Pune, 691 Walker Via"
CRM1452,Susan Suarez,susansua88@clientlink.io,9408246619,"Singapore, 7546 Robert Fall"
CRM1060,Tiffany Holloway,tiffanyh612@clientlink.io,9347083812,"Hyderabad, 53293 Maria Plaza"
CRM1457,Christopher Klein,christop497@clientlink.io,9749620068,"New York, NY, 4709 Brandon Lane"
CRM1674,Darlene Russell MD,darlener838@clientlink.io,9307029662,"Bengaluru, 8354 Garrett Creek Apt. 705"
CRM1871,Susan Rangel,susanran370@clientlink.io,9473581239,"San Francisco, CA, 01491 Monica Route Suite 184"
CRM1218,Edward Clements,edwardcl717@clientlink.io,9358045858,"San Francisco, CA, 57399 Susan Springs"
CRM1891,Stephanie Chapman,stephani385@clientlink.io,9983993176,"New York, NY, 629 Navarro Overpass Suite 363"
CRM1223,Kristen Martinez,kristenm348@clientlink.io,9690975123,"Chennai, 3536 Eugene Forges"
CRM1876,Victor Wilson,victorwi438@clientlink.io,9517109257,"London, UK, 54378 Rick Forest Apt. 591"
CRM1173,Jacqueline Mcmahon,jacqueli887@clientlink.io,9120972273,"London, UK, 26752 Walker Radial Apt. 644"
CRM1822,Stephen Allen,stephena16@clientlink.io,9427124037,"Kolkata, 0055 Rogers Cove"
CRM1138,Erin Hogan,erinhoga931@clientlink.io,9872830248,"Pune, 889 Sean Lock"
CRM1114,Katherine Nolan,katherin708@clientlink.io,9325567963,"Hyderabad, 9087 Cummings Locks Suite 039"
CRM1981,Anne Chambers,annecham180@clientlink.io,9708689346,"Chennai, 64222 Cook Radial Apt. 704"
CRM1539,Michael Jensen,michaelj852@clientlink.io,9746879296,"Delhi NCR, 27275 Laura Spring Suite 480"
CRM1207,Alicia Powell,aliciapo286@clientlink.io,9798423334,"London, UK, 948 Diamond Motorway"
CRM1995,Scott Malone,scottmal587@clientlink.io,9413097844,"Pune, 259 Alexander River"
CRM1288,James Tate,jamestat884@clientlink.io,9948262678,"Kolkata, 22064 Cross Mission"
CRM1319,Larry Bennett,larryben19@clientlink.io,9816014770,"San Francisco, CA, 4717 Hammond Square"
CRM2136,Daniel Robinson,danielro717@clientlink.io,9455939049,"Hyderabad, 46739 Cheryl Alley Apt. 141"
CRM1609,Anne Evans,anneevan877@clientlink.io,9108780419,"Bengaluru, 5652 Bobby Street Apt. 684"
CRM1366,Johnny Arellano,johnnyar61@clientlink.io,9122932394,"Chennai, 90255 Kathy Road"
CRM2043,Kenneth Watkins,kennethw740@clientlink.io,9939575663,"Chennai, 5604 Johnson Lodge"
CRM2125,James Benson,jamesben343@clientlink.io,9692763677,"Pune, 95366 Chad Lake"
CRM1261,Amanda Pineda,amandapi103@clientlink.io,9127772220,"Hyderabad, 31365 Gary Harbor Apt. 630"
CRM1642,John Morris,johnmorr702@clientlink.io,9480412754,"Berlin, DE, 502 Alvarez Junction"
CRM1652,Michael Wang,michaelw90@clientlink.io,9866803374,"Chennai, 6075 Fields Ranch Apt. 508"
CRM2064,Isaac Roberts,isaacrob123@clientlink.io,9931469703,"New York, NY, 549 Horn Fields Apt. 083"
CRM1614,Shelby Robinson,shelbyro296@clientlink.io,9690404558,"London, UK, 74231 Aaron Cliff Suite 893"
CRM1374,Katelyn Smith,katelyns612@clientlink.io,9355477113,"Chennai, 5162 Daniel Street"
CRM1045,Brian Martin,brianmar529@clientlink.io,9786066793,"London, UK, 071 King Crescent Suite 808"
CRM1056,Carlos Ryan,carlosry215@clientlink.io,9840739735,"Berlin, DE, 7451 Mccarty Divide"
CRM1299,Andrew Hughes,andrewhu997@clientlink.io,9631855083,"Mumbai, 7018 Johnson Trace"
CRM1848,Douglas Chapman,douglasc466@clientlink.io,9337331022,"Chennai, 114 Bradley Spurs"
CRM2198,Anna Herring,annaherr472@clientlink.io,9105061082,"Pune, 0827 Hopkins Islands"
CRM1519,Thomas Gillespie,thomasgi54@clientlink.io,9604803700,"Singapore, 592 Hernandez Shores Suite 945"
CRM1938,Kristine Graves,kristine905@clientlink.io,9908697030,"Delhi NCR, 152 Jonathan Rest"
CRM1567,Alex Mccann,alexmcca36@clientlink.io,9630452018,"Chennai, 9073 Rodriguez Viaduct Apt. 943"
CRM1651,Michelle Scott,michelle159@clientlink.io,9963949678,"Pune, 4017 Richardson Rapid"
CRM1917,Matthew Mclaughlin PhD,matthewm854@clientlink.io,9561325766,"Hyderabad, 09544 Carr Stream Apt. 279"
CRM1979,Ryan Hudson,ryanhuds600@clientlink.io,9864851260,"Singapore, 12657 Omar Hollow"
CRM1167,Mark Newman,marknewm250@clientlink.io,9406798268,"Pune, 72151 Sheri Causeway"
CRM1331,Brian Hernandez,brianher645@clientlink.io,9304152670,"Pune, 54364 Jensen Trace"
CRM1348,Jake Mitchell,jakemitc972@clientlink.io,9785637052,"Chennai, 76742 Chandler Mall"
CRM1853,Jessica Carr,jessicac813@clientlink.io,9588909690,"Hyderabad, 036 Bennett Plain"
CRM1561,Angela Simpson,angelasi465@clientlink.io,9865975088,"Bengaluru, 3715 Lisa Trace Suite 472"
CRM1704,Michael Mckee,michaelm270@clientlink.io,9525146690,"Mumbai, 7798 Shelby Via"
CRM1118,Joshua Webster,joshuawe191@clientlink.io,9970559510,"Kolkata, 959 Young Wells"
CRM1316,Michael Wells,michaelw901@clientlink.io,9754436820,"Kolkata, 7658 Connor Place"
CRM1890,Anna Hill,annahill126@clientlink.io,9714947037,"Pune, 67812 Figueroa Parks Apt. 210"
CRM2054,Valerie Kim,valeriek765@clientlink.io,9965661638,"Berlin, DE, 3502 Amanda Turnpike"
CRM1933,Robin Santiago,robinsan361@clientlink.io,9846891707,"Bengaluru, 0713 Ricky Cove"
CRM2151,Carolyn Booker,carolynb485@clientlink.io,9984233149,"New York, NY, 19738 Amanda Mountain"
CRM1193,Kristin Gaines,kristing795@clientlink.io,9375139575,"Chennai, 465 Green Hill"
CRM1230,Mrs. Michele Boyd,mrsmiche193@clientlink.io,9487493096,"Pune, 6591 Bennett Fork"
CRM1552,Michael Clay,michaelc981@clientlink.io,9583100677,"Chennai, 37676 Cabrera Road Apt. 966"
CRM1736,Eric Long,ericlong317@clientlink.io,9341961866,"Berlin, DE, 603 Matthew Estate Suite 862"
CRM1426,Patrick Chang,patrickc450@clientlink.io,9902100304,"Delhi NCR, 337 Johnson Park Apt. 036"
CRM1367,William Jenkins,williamj815@clientlink.io,9235209737,"London, UK, 491 Misty Crescent"
CRM1003,Meredith Barnes,meredith238@clientlink.io,9362950628,"Delhi NCR, 65423 Garcia Light"
CRM1829,Kimberly Wright,kimberly395@clientlink.io,9449917685,"Pune, 22528 Timothy Throughway"
CRM1404,Dr. Richard Hammond,drrichar295@clientlink.io,9918841563,"London, UK, 077 Theresa Tunnel"
CRM1831,Marvin Gonzalez,marvingo616@clientlink.io,9314533665,"New York, NY, 505 Perry Villages"
CRM2100,Jennifer Decker,jennifer167@clientlink.io,9627151698,"Mumbai, 8018 Michael Spur"
CRM1575,Elizabeth Miller,elizabet796@clientlink.io,9295381429,"Delhi NCR, 28758 Mcdonald Meadow Suite 667"
CRM1825,Amanda Crane,amandacr317@clientlink.io,9246162540,"Chennai, 48860 Mack Shore"
CRM1744,Faith Johnson,faithjoh611@clientlink.io,9917865301,"Berlin, DE, 6604 Rogers Unions"
CRM2002,Omar Johnson,omarjohn754@clientlink.io,9892510222,"Pune, 3088 Dixon Gardens"
CRM1865,Shane Short,shanesho295@clientlink.io,9320959407,"Berlin, DE, 5402 Kramer Stravenue"
CRM1665,Kimberly Baldwin,kimberly766@clientlink.io,9674615376,"Berlin, DE, 046 Michael Stravenue Suite 611"
CRM1808,Theodore Eaton,theodore975@clientlink.io,9105578324,"Pune, 71553 Weeks Expressway Apt. 128"
CRM1264,Denise Guerra,denisegu51@clientlink.io,9718740490,"Delhi NCR, 570 Gross Brook Suite 935"
CRM1573,Kathryn Mullen,kathrynm539@clientlink.io,9830261466,"Chennai, 9143 Thomas Knoll"
CRM1533,Christopher Ingram,christop58@clientlink.io,9938422254,"Singapore, 219 Williams Walks Suite 669"
CRM1323,Eric Brown,ericbrow213@clientlink.io,9424400672,"Kolkata, 4328 Tammy Shore"
CRM1991,William Velez,williamv238@clientlink.io,9292569534,"New York, NY, 5077 Bush Lock"
CRM2094,Donna Chandler,donnacha975@clientlink.io,9563129902,"Singapore, 36221 Sarah Tunnel"
CRM2014,James Martin,jamesmar149@clientlink.io,9317661025,"London, UK, 0805 Grant Land Suite 670"
CRM1559,Gary Salazar,garysala720@clientlink.io,9406635834,"San Francisco, CA, 712 Atkins Terrace"
CRM1572,Edward Chavez,edwardch667@clientlink.io,9440405868,"Bengaluru, 74065 Brendan Dam"
CRM1351,Maria Johnson,mariajoh660@clientlink.io,9167878777,"San Francisco, CA, 796 Burton Mountains Apt. 589"
CRM1061,Crystal Schroeder,crystals656@clientlink.io,9860038427,"Mumbai, 421 David Knolls"
CRM1334,Jimmy Lee,jimmylee50@clientlink.io,9794002948,"Pune, 90421 Ellis Extension"
CRM1171,Kevin Drake,kevindra435@clientlink.io,9600282414,"Mumbai, 929 Mary Valleys Suite 842"
CRM1196,Madeline Powell,madeline602@clientlink.io,9216070149,"Mumbai, 505 Andrew Avenue"
CRM1406,Adriana Davenport,adrianad646@clientlink.io,9978779150,"London, UK, 5653 Karen Pines"
CRM2011,Carlos Love,carloslo881@clientlink.io,9380236885,"Chennai, 53028 Robert Causeway"
CRM2016,Matthew Bennett,matthewb133@clientlink.io,9536489528,"New York, NY, 61142 Robinson Loop Apt. 585"
CRM1540,Margaret Lane,margaret115@clientlink.io,9444898148,"Bengaluru, 829 Robinson Fords Apt. 905"
CRM2184,Robert Bullock,robertbu274@clientlink.io,9895555607,"Berlin, DE, 354 Hogan Springs"
CRM1340,Mariah Mclaughlin,mariahmc976@clientlink.io,9985503942,"San Francisco, CA, 5486 Brown Landing"
CRM1542,Carla Graham,carlagra180@clientlink.io,9557538651,"Berlin, DE, 491 Linda Cove Apt. 096"
CRM1113,Melanie Larson,melaniel891@clientlink.io,9954829815,"Mumbai, 91088 Ashley Drive Apt. 587"
CRM1968,Andrea Coleman,andreaco457@clientlink.io,9850197517,"Berlin, DE, 4608 Lori Lake Apt. 799"
CRM1258,Mark Williamson,markwill422@clientlink.io,9851333320,"Pune, 20802 Julian Crossroad Suite 031"
CRM1983,Alicia Navarro,aliciana243@clientlink.io,9223838514,"Berlin, DE, 4072 Margaret Harbors Suite 282"
CRM1051,Matthew Moore,matthewm759@clientlink.io,9191969690,"San Francisco, CA, 158 Finley Road Suite 809"
CRM1483,Mitchell Charles,mitchell799@clientlink.io,9843937341,"London, UK, 6420 Rogers Springs"
CRM1905,Tiffany Davis,tiffanyd995@clientlink.io,9245587477,"Kolkata, 421 Clements Turnpike"
CRM1293,Kenneth Hanson,kennethh791@clientlink.io,9692616814,"New York, NY, 2934 Aaron Burg Suite 139"
CRM1195,Katherine Welch,katherin848@clientlink.io,9935147672,"Delhi NCR, 4329 Tracy Track"
CRM1176,Jason Jackson,jasonjac569@clientlink.io,9888807316,"London, UK, 79327 Lauren Bypass Suite 054"
CRM1032,Joshua Cooke,joshuaco608@clientlink.io,9902099969,"Kolkata, 33092 David Skyway"
CRM1073,Cheyenne Parsons,cheyenne463@clientlink.io,9180943908,"New York, NY, 12432 Kathleen Shoal"
CRM1204,Meghan White,meghanwh852@clientlink.io,9551034639,"San Francisco, CA, 7167 Bryan Shoal"
CRM1444,James White,jameswhi653@clientlink.io,9929839316,"San Francisco, CA, 48881 House Courts Apt. 150"
CRM1416,Kathy Murray,kathymur169@clientlink.io,9156488296,"Delhi NCR, 99663 Morgan Cape Suite 412"
CRM1534,Jose Weber,josewebe828@clientlink.io,9233654018,"Chennai, 0903 Eric Cove Suite 629"
CRM1359,Henry Gray,henrygra511@clientlink.io,9995171130,"London, UK, 1718 Tyler Lake"
CRM1338,Julie Taylor,julietay907@clientlink.io,9679184667,"Chennai, 016 Schmidt Hill Suite 498"
CRM2089,Jennifer Vargas,jennifer876@clientlink.io,9958128631,"Mumbai, 4184 Margaret Plains Suite 679"
CRM2023,Eugene Parker,eugenepa276@clientlink.io,9420877774,"Delhi NCR, 10081 Bentley View Suite 221"
CRM1078,Kevin Thomas,kevintho281@clientlink.io,9519212169,"San Francisco, CA, 91486 Li Skyway Apt. 685"
CRM1042,Jason Norris,jasonnor13@clientlink.io,9587182120,"Berlin, DE, 713 French Road Apt. 618"
CRM1265,Michael Cannon,michaelc462@clientlink.io,9799552991,"Pune, 511 Bradley Curve Apt. 031"
CRM1005,Mark Diaz,markdiaz42@clientlink.io,9553035110,"Mumbai, 283 Steven Groves"
CRM1894,George Zhang,georgezh779@clientlink.io,9801874646,"Hyderabad, 182 Tina Dam"
CRM1377,Alisha Rasmussen,alishara806@clientlink.io,9581331845,"Chennai, 348 Parker Squares"
CRM1852,Phillip Lewis,phillipl155@clientlink.io,9883993370,"Chennai, 248 Mercado Estate"
CRM1090,David Brewer,davidbre695@clientlink.io,9319321646,"Berlin, DE, 755 Hines Ports"
CRM2164,Connie Smith,conniesm926@clientlink.io,9555059083,"Kolkata, 53021 Buck Lane"
CRM1759,Kari Edwards,kariedwa863@clientlink.io,9711806831,"Hyderabad, 0388 Wright Lane"
CRM1487,Bryan Miller,bryanmil469@clientlink.io,9941599226,"Hyderabad, 99974 Laura Falls"
CRM1638,Russell Miller,russellm754@clientlink.io,9890099255,"Mumbai, 125 Katie Turnpike"
CRM1755,Jennifer Smith,jennifer56@clientlink.io,9544454140,"London, UK, 969 Carol Pines Suite 552"
CRM1637,Roger Mason,rogermas636@clientlink.io,9932120169,"San Francisco, CA, 862 Larry Points"
CRM1910,Madeline Simmons,madeline394@clientlink.io,9544770805,"San Francisco, CA, 9972 Mccarty Spurs Apt. 677"
CRM1740,Juan Harrison,juanharr954@clientlink.io,9184901228,"San Francisco, CA, 271 Derek Light"
CRM1834,Brandon Taylor,brandont308@clientlink.io,9956508307,"Berlin, DE, 5512 Brandi Common"
CRM1594,Debra Wolfe,debrawol631@clientlink.io,9465278987,"Delhi NCR, 1328 Kevin Plaza Apt. 152"
CRM2070,Ronald Casey,ronaldca720@clientlink.io,9703418543,"London, UK, 582 Stephens Plain"
CRM1174,Tiffany Myers,tiffanym975@clientlink.io,9106330865,"Chennai, 917 Mark Club"
CRM1999,Jennifer Patterson,jennifer34@clientlink.io,9540272920,"Hyderabad, 0378 Benson Crossroad Apt. 394"
CRM2063,Heather Matthews,heatherm610@clientlink.io,9258604568,"Berlin, DE, 171 Gregory Park Suite 433"
CRM2080,Steven Snyder,stevensn851@clientlink.io,9195268824,"Berlin, DE, 208 Melissa Via Suite 319"
CRM1757,Lisa Li,lisali603@clientlink.io,9727099478,"Berlin, DE, 8162 Miller Overpass"
CRM1290,Joshua Harvey,joshuaha753@clientlink.io,9403696046,"Pune, 502 Elizabeth Villages"
CRM2128,Thomas Ayala,thomasay161@clientlink.io,9260677223,"London, UK, 170 Scott Gardens"
CRM1577,Ronald Santos,ronaldsa178@clientlink.io,9426551245,"Delhi NCR, 501 Jacqueline Path Apt. 872"
CRM1099,Tracy Lewis,tracylew846@clientlink.io,9817112652,"New York, NY, 8016 Nicole Stream Suite 650"
CRM1884,Anthony Bass,anthonyb513@clientlink.io,9835187452,"Kolkata, 500 Nicholas Centers"
CRM1828,Andrea Townsend,andreato512@clientlink.io,9779573843,"London, UK, 1887 Timothy Ridges Suite 151"
CRM1545,William Lee,williaml980@clientlink.io,9949842840,"Mumbai, 62658 Samuel Courts Apt. 819"
CRM1882,Derek Bowers,derekbow149@clientlink.io,9620344871,"Hyderabad, 08761 Katie Valley"
CRM1105,Gloria Gomez,gloriago104@clientlink.io,9154544899,"Singapore, 34843 Wise Squares Apt. 757"
CRM2127,Carolyn Davis,carolynd810@clientlink.io,9661096687,"Kolkata, 871 Simpson Ferry"
CRM1772,Tina Walter,tinawalt574@clientlink.io,9671458801,"Kolkata, 433 Patrick Run"
CRM1877,Michael Obrien,michaelo443@clientlink.io,9512005439,"Delhi NCR, 4920 Braun Prairie"
CRM2105,Julie Ryan,julierya492@clientlink.io,9526777316,"San Francisco, CA, 8839 Roach Mountain"
CRM1178,Julian Frost,julianfr408@clientlink.io,9131165166,"Chennai, 9872 Michael Meadow"
CRM1132,Derrick Anderson,derricka128@clientlink.io,9649136331,"Kolkata, 01581 Shields Bridge Suite 661"
CRM1596,James Keller,jameskel418@clientlink.io,9470838810,"Delhi NCR, 95493 Matthew Village Suite 601"
CRM1363,Mark Taylor Jr.,marktayl377@clientlink.io,9792377512,"Mumbai, 69524 Kathleen Shore"
CRM1738,Katelyn Bishop,katelynb580@clientlink.io,9547221915,"New York, NY, 10005 Lawrence Knolls"
CRM1671,Amy Knight,amyknigh301@clientlink.io,9459748735,"San Francisco, CA, 337 Billy Rest"
CRM1479,Pamela Robinson,pamelaro113@clientlink.io,9946237594,"New York, NY, 287 Laura Isle"
CRM1019,Jeremy Thornton,jeremyth294@clientlink.io,9508157429,"San Francisco, CA, 059 Russell Canyon"
CRM1692,Paul Christian,paulchri785@clientlink.io,9605547798,"New York, NY, 31164 John Glen"
CRM1472,Carolyn Brooks,carolynb346@clientlink.io,9950040559,"Delhi NCR, 9323 Karen Valleys"
CRM1909,Amanda Solis,amandaso601@clientlink.io,9252655630,"Singapore, 32155 Jared Islands"
CRM1756,Jeremy Butler,jeremybu159@clientlink.io,9895913682,"Mumbai, 7485 Hale Crossroad"
CRM1248,Grace White,gracewhi471@clientlink.io,9538642403,"Berlin, DE, 6472 Tiffany Spur Apt. 143"
CRM1617,Patricia Webb,patricia157@clientlink.io,9910637681,"Hyderabad, 4836 Anna Islands"
CRM1937,Gary Lawrence,garylawr150@clientlink.io,9421322967,"Kolkata, 771 Johnson Summit Suite 938"
CRM1127,David Terry,davidter295@clientlink.io,9930353157,"Chennai, 66687 Dana Squares"
CRM2097,Derrick Hall,derrickh957@clientlink.io,9875282507,"Berlin, DE, 7841 Wilson Prairie"
CRM1556,Donald Wilson,donaldwi521@clientlink.io,9299767568,"New York, NY, 90409 Rhonda Haven Apt. 608"
CRM2126,John Jacobs,johnjaco815@clientlink.io,9113275526,"Berlin, DE, 59007 Christina Corners"
CRM2135,Trevor Gordon,trevorgo421@clientlink.io,9844813102,"Mumbai, 4622 Gary Expressway Apt. 720"
CRM1558,Anthony Smith,anthonys466@clientlink.io,9855954847,"Hyderabad, 21358 Sarah Ways Apt. 401"
CRM1912,Cheryl Brown,cherylbr294@clientlink.io,9905094179,"Berlin, DE, 491 Nicholas Branch"
CRM1208,Ruth Richard,ruthrich803@clientlink.io,9677858758,"San Francisco, CA, 571 Katherine Forges Apt. 554"
CRM1610,Dustin Wilson,dustinwi754@clientlink.io,9383975609,"Chennai, 4913 Thomas Ford"
CRM1557,Alan Harrison,alanharr130@clientlink.io,9703091482,"Pune, 1857 Phillip Square Suite 715"
CRM1378,Cynthia Ramos,cynthiar472@clientlink.io,9217095851,"New York, NY, 1343 Ruth Roads Suite 604"
CRM1158,Michael Miles,michaelm580@clientlink.io,9153921577,"Hyderabad, 52410 Roman Groves Apt. 491"
CRM1858,Connor Benton,connorbe962@clientlink.io,9276473863,"Berlin, DE, 90255 Chambers Underpass Suite 442"
CRM1437,Dr. Robert Aguirre,drrobert357@clientlink.io,9900801837,"Hyderabad, 0150 Douglas Mill"
CRM1474,Ashlee Brown,ashleebr105@clientlink.io,9665210546,"Singapore, 80698 Frederick Mountains"
CRM1254,Ryan Johnson,ryanjohn162@clientlink.io,9795392488,"Pune, 487 Tara Square Apt. 997"
CRM1485,Paul Moss,paulmoss702@clientlink.io,9491163514,"Berlin, DE, 266 Sara Court"
CRM1436,Erin Lane,erinlane90@clientlink.io,9662600500,"Kolkata, 70730 Heather Mountain"
CRM1212,Kimberly Edwards,kimberly398@clientlink.io,9817461907,"Chennai, 522 Page Trace Suite 879"
CRM2045,Michael Watkins,michaelw339@clientlink.io,9639440654,"Kolkata, 6364 Vanessa Walk"
CRM1563,John Schmidt,johnschm565@clientlink.io,9690554938,"Pune, 6326 Romero Center"
CRM1850,Brent Burton,brentbur363@clientlink.io,9261861139,"Mumbai, 30233 David Mount"
CRM1554,Jacob Thomas,jacobtho417@clientlink.io,9494009507,"Chennai, 537 Roach Points"
CRM1874,Jessica Bradford,jessicab130@clientlink.io,9436280635,"Hyderabad, 6691 Paul Spur"
CRM1329,Linda Campbell,lindacam935@clientlink.io,9994253959,"Pune, 48763 Cheryl Camp"
CRM1711,Jennifer Arnold,jennifer997@clientlink.io,9833076128,"Singapore, 964 Lara Greens Suite 553"
CRM2038,Robert Shepherd,robertsh641@clientlink.io,9764835755,"Hyderabad, 019 Davis Stream"
CRM1125,Jennifer Kirby,jennifer238@clientlink.io,9344378798,"Mumbai, 87509 Hopkins Brook"
CRM2039,Todd Duncan,todddunc431@clientlink.io,9635680789,"New York, NY, 0987 Charles Meadow Suite 731"
CRM1930,Melinda May,melindam730@clientlink.io,9197924383,"Bengaluru, 01095 Frye Port"
CRM1863,Nicholas Hayden,nicholas914@clientlink.io,9759392301,"Hyderabad, 363 Ricardo Gardens"
CRM1031,Leslie Alvarado,leslieal772@clientlink.io,9364814270,"New York, NY, 04653 Murphy Trace Suite 464"
CRM1513,Alexandra Kelly,alexandr598@clientlink.io,9653380476,"Hyderabad, 649 Lisa Forges"
CRM2046,Lisa Hansen,lisahans336@clientlink.io,9127984900,"London, UK, 6345 Baxter Highway Apt. 441"
CRM1023,April Frost,aprilfro756@clientlink.io,9673528321,"Hyderabad, 6159 Alvarado Crossing"
CRM1183,Kristen Gates,kristeng897@clientlink.io,9245706210,"San Francisco, CA, 62299 Sara Port Apt. 485"
CRM1815,David Koch,davidkoc936@clientlink.io,9700797791,"Hyderabad, 6343 Matthew Rapid"
CRM1462,James Phillips,jamesphi382@clientlink.io,9270452446,"Chennai, 97524 Schneider Trace"
CRM1066,Kristie Willis,kristiew836@clientlink.io,9607850824,"Kolkata, 049 Bell Ports Apt. 273"
CRM2074,Teresa Stark,teresast981@clientlink.io,9853775825,"London, UK, 726 Johnston Pine Apt. 283"
CRM1423,David Frazier,davidfra66@clientlink.io,9743520276,"Mumbai, 28914 Randall Crossing Apt. 846"
CRM1154,Lindsay Lawson,lindsayl516@clientlink.io,9512293741,"Kolkata, 983 Phillips Center"
CRM2140,Dalton Farmer,daltonfa147@clientlink.io,9344767409,"Pune, 9994 Perkins Squares Suite 667"
CRM1939,Linda Crawford,lindacra156@clientlink.io,9827070406,"Bengaluru, 313 Garza Spur Apt. 669"
CRM1489,Christine Barrett,christin386@clientlink.io,9308323285,"Singapore, 87510 Bailey Shoal"
CRM1984,Stacey Ramirez,staceyra889@clientlink.io,9147285340,"Mumbai, 47312 Jones Plains"
CRM1549,Jason Preston,jasonpre45@clientlink.io,9570484488,"Delhi NCR, 99015 Webb Ridges"
CRM2178,Jason Ellis,jasonell735@clientlink.io,9726016935,"London, UK, 72947 Werner Point"
CRM1998,Wanda Rogers,wandarog788@clientlink.io,9686863518,"Hyderabad, 59520 Hughes Bypass Apt. 679"
CRM2194,Jordan Sanders,jordansa360@clientlink.io,9315066828,"Kolkata, 3551 Jackson Estate Apt. 250"
CRM2072,Joseph Sanchez,josephsa324@clientlink.io,9506286844,"Berlin, DE, 646 Hampton Crest Suite 234"
CRM2044,Julie Johnson,juliejoh506@clientlink.io,9939059557,"Chennai, 7119 Taylor Square"
CRM2096,Ryan Taylor,ryantayl204@clientlink.io,9320708138,"Kolkata, 5917 Brian Center Apt. 549"
CRM1279,Thomas Torres,thomasto655@clientlink.io,9130998324,"London, UK, 554 Wendy Parkway Suite 046"
CRM1194,Sean Silva,seansilv996@clientlink.io,9752027025,"Berlin, DE, 460 Derrick Flats Suite 697"
CRM1007,Jessica Silva,jessicas743@clientlink.io,9313500298,"Singapore, 01226 Paul Ranch Suite 848"
CRM1493,Victor Wright,victorwr63@clientlink.io,9368438908,"Singapore, 51554 Misty Fork Suite 016"
CRM1280,Tiffany Perez,tiffanyp172@clientlink.io,9862123506,"Pune, 689 Robert Ports"
CRM1027,Shannon Mcclure,shannonm333@clientlink.io,9964411347,"Kolkata, 83172 Contreras Points Suite 798"
CRM1778,Jesse Wilson,jessewil824@clientlink.io,9387037751,"Kolkata, 6534 Harvey Neck Apt. 707"
CRM1583,Fred Moses,fredmose974@clientlink.io,9735449477,"London, UK, 02311 Villa Mountains"
CRM1646,Nathaniel Moore,nathanie222@clientlink.io,9856881618,"Berlin, DE, 78637 Guerra Squares Apt. 162"
CRM1712,Michael Morris,michaelm679@clientlink.io,9242796714,"Chennai, 519 Jennifer Stravenue Apt. 749"
CRM1962,Kyle David,kyledavi728@clientlink.io,9554810443,"Kolkata, 2642 Jones Stream Apt. 203"
CRM1591,Amy Cannon,amycanno836@clientlink.io,9964027324,"Singapore, 1955 Matthew Centers"
CRM1376,David Lawrence,davidlaw126@clientlink.io,9664880035,"Berlin, DE, 8673 Suarez Drive"
CRM1433,Leah Rodriguez,leahrodr185@clientlink.io,9448717183,"London, UK, 284 Fisher Stream"
CRM1892,Sarah Thompson,sarahtho788@clientlink.io,9144678958,"Berlin, DE, 079 Powell Crest Suite 706"
CRM1586,Laura Lin,lauralin93@clientlink.io,9130465806,"Mumbai, 39785 Montgomery Points Apt. 176"
CRM1075,Jesse Brown,jessebro879@clientlink.io,9909134796,"Hyderabad, 986 Carpenter Turnpike"
CRM1809,Lydia Watson,lydiawat286@clientlink.io,9917489574,"Bengaluru, 9545 Laurie Prairie Apt. 776"
CRM1079,Daniel Meza,danielme990@clientlink.io,9847959430,"Berlin, DE, 41888 Ebony Wells"
CRM2144,Sean Sanders,seansand538@clientlink.io,9915499713,"Chennai, 04660 Christopher Points"
CRM1745,Gordon Hahn,gordonha500@clientlink.io,9333019716,"Hyderabad, 1581 Lisa Valley"
CRM1907,Steve Mcconnell,stevemcc265@clientlink.io,9242475723,"Delhi NCR, 9867 Ramirez Wall"
CRM1403,Katherine Young,katherin368@clientlink.io,9216198604,"New York, NY, 228 Lindsay Junction Suite 193"
CRM1302,Emily Roth,emilyrot749@clientlink.io,9116479358,"Delhi NCR, 217 Stanley Spur Suite 733"
CRM1606,Beth Johnson,bethjohn607@clientlink.io,9331009561,"Chennai, 88665 Richard Point"
CRM1011,George Chapman,georgech230@clientlink.io,9266944844,"Chennai, 031 Michele Cliffs"
CRM1357,Christine Santana,christin439@clientlink.io,9680027275,"London, UK, 49552 William Cliff"
CRM1200,Matthew Bates,matthewb318@clientlink.io,9929445037,"Singapore, 89141 Tyler Rest Apt. 483"
CRM1325,Dr. Robert Levy Jr.,drrobert312@clientlink.io,9717199615,"Berlin, DE, 1387 Joyce Fort"
CRM1297,Nicole Thornton,nicoleth732@clientlink.io,9607854378,"Kolkata, 3574 Alicia Extensions"
CRM2103,Melinda Peterson,melindap221@clientlink.io,9127633490,"Delhi NCR, 844 Debra Loaf Suite 884"
CRM1942,Mary Hopkins,maryhopk951@clientlink.io,9262536735,"Kolkata, 59989 Lester Creek"
CRM2169,Paula Oneal,paulaone315@clientlink.io,9403521991,"Singapore, 726 Fernando Extensions Suite 468"
CRM1547,Miss Paula Lopez,misspaul705@clientlink.io,9905196831,"Delhi NCR, 640 Miller Divide"
CRM1682,Jeffrey Johnson,jeffreyj277@clientlink.io,9107333788,"Kolkata, 511 Terri Tunnel Apt. 828"
CRM1713,Kathleen Graham,kathleen412@clientlink.io,9676876906,"New York, NY, 7215 Stephanie Harbor"
CRM1459,Erica Sims,ericasim361@clientlink.io,9999126903,"Berlin, DE, 31552 Richard Island"
CRM1394,Jeffrey Solomon,jeffreys78@clientlink.io,9609241268,"Bengaluru, 86490 Samantha Passage Apt. 866"
CRM1649,James Holmes,jameshol702@clientlink.io,9715766024,"New York, NY, 160 Luis Ports Suite 707"
CRM1296,Elizabeth Hardy,elizabet430@clientlink.io,9932734539,"Mumbai, 1240 Terrell Road Apt. 996"
CRM1310,Darius Coleman,dariusco788@clientlink.io,9205702499,"Singapore, 846 Johnson Camp"
CRM1676,Eric Lynch,ericlync24@clientlink.io,9299929730,"Berlin, DE, 29258 Valdez Turnpike Suite 434"
CRM2075,Shaun Henderson,shaunhen998@clientlink.io,9927672827,"London, UK, 000 Mayer Summit"
CRM1240,Richard Dixon,richardd131@clientlink.io,9366493008,"New York, NY, 021 Chan Knoll"
CRM1883,Dr. Darlene Lee,drdarlen527@clientlink.io,9702994164,"Singapore, 400 Timothy Fork Apt. 086"
CRM1213,Stephanie Ferguson,stephani196@clientlink.io,9448981305,"San Francisco, CA, 2003 Christensen Estates"
CRM2006,Terry Warren,terrywar432@clientlink.io,9658087211,"Berlin, DE, 591 Rodriguez Creek"
CRM1438,Allen Gonzalez,allengon88@clientlink.io,9280531127,"New York, NY, 8323 Gregory Greens"
CRM1220,Patricia Ferguson,patricia424@clientlink.io,9337937327,"Berlin, DE, 38612 Stephen Isle Apt. 110"
CRM1770,Jacob Brewer,jacobbre663@clientlink.io,9763395529,"Singapore, 0401 Thomas Motorway Apt. 107"
CRM2113,Tyler Austin,tyleraus870@clientlink.io,9165480798,"Kolkata, 70289 Barajas Run Suite 605"
CRM1987,Laura Collins,lauracol768@clientlink.io,9866673993,"Singapore, 876 Michelle Loop"
CRM1115,Arthur Mcknight,arthurmc808@clientlink.io,9479759538,"New York, NY, 6226 Haney Light"
CRM1739,Elizabeth Jones,elizabet271@clientlink.io,9360767346,"Hyderabad, 2441 Rachel Drive Apt. 618"
CRM1811,Cheyenne Hudson,cheyenne427@clientlink.io,9650229169,"Bengaluru, 943 Vickie Estates Apt. 471"
CRM1024,Mary Nguyen,marynguy286@clientlink.io,9507437181,"Singapore, 299 Sullivan Village Apt. 443"
CRM1014,John Hancock,johnhanc137@clientlink.io,9675770529,"Kolkata, 7468 Moore Hill Apt. 098"
CRM1553,Mark Brown,markbrow88@clientlink.io,9919355714,"London, UK, 649 Sanders Crescent Apt. 562"
CRM1644,Timothy Young,timothyy990@clientlink.io,9306442077,"Hyderabad, 028 Sandra Ranch Apt. 922"
CRM1373,Brian Lee,brianlee25@clientlink.io,9241522640,"Chennai, 8660 Erik Dale Apt. 448"
CRM1057,Misty Whitney,mistywhi675@clientlink.io,9821218382,"Chennai, 5496 Rodriguez Fort"
CRM1347,Courtney Walls,courtney278@clientlink.io,9821920438,"London, UK, 186 Tracy Rapids Apt. 562"
CRM2172,Michael Deleon,michaeld315@clientlink.io,9799506796,"Hyderabad, 892 Gonzalez Manor"
CRM1802,Lisa Armstrong,lisaarms973@clientlink.io,9693819730,"Kolkata, 03911 Joseph Tunnel"
CRM1322,Mary Adams,maryadam716@clientlink.io,9555598254,"Pune, 6618 Aaron Spurs Suite 198"
CRM1945,Sandra White,sandrawh369@clientlink.io,9512351122,"Kolkata, 611 William Parks Suite 296"
CRM1667,Grace Norris,gracenor190@clientlink.io,9999371401,"Mumbai, 022 Johnson Land Suite 442"
CRM1041,Jamie Kerr,jamieker124@clientlink.io,9465260635,"Pune, 909 Stacey Fords Apt. 412"
CRM1268,Pamela Ray,pamelara696@clientlink.io,9444733679,"Bengaluru, 86852 Mahoney Island"
CRM1156,Antonio Mccormick,antoniom916@clientlink.io,9926830795,"Bengaluru, 618 Joshua Inlet Apt. 832"
CRM1098,Jerry Thomas,jerrytho836@clientlink.io,9756783995,"Singapore, 25953 Tyrone Passage Suite 747"
CRM1421,Fernando Tran,fernando704@clientlink.io,9828230915,"London, UK, 48913 Kevin Lodge"
CRM1626,Adam Meyer,adammeye387@clientlink.io,9117863798,"Chennai, 67287 Kaitlyn Plaza"
CRM1134,Chad Smith,chadsmit542@clientlink.io,9101815992,"New York, NY, 5692 Flores Square Apt. 752"
CRM1169,Curtis Wilkerson,curtiswi720@clientlink.io,9511281012,"Delhi NCR, 5787 Durham Parkway"
CRM1210,Joanna Barrett,joannaba860@clientlink.io,9363598427,"Bengaluru, 697 Heather Extensions"
CRM1009,Paula Moreno,paulamor900@clientlink.io,9969119330,"Mumbai, 54303 Christopher Oval"
CRM2086,Kayla Foster,kaylafos369@clientlink.io,9506639535,"New York, NY, 26270 Ross Plaza"
CRM1511,Leslie Smith,lesliesm478@clientlink.io,9768737754,"Bengaluru, 44812 Brandon Freeway Suite 024"
CRM1412,Heather Garcia,heatherg658@clientlink.io,9895609471,"Mumbai, 73715 Chapman Path Suite 497"
CRM1008,Ashley Dyer,ashleydy235@clientlink.io,9550455977,"San Francisco, CA, 2704 William Coves Suite 893"
CRM2167,Gloria Green,gloriagr17@clientlink.io,9209856785,"New York, NY, 36024 Graham Street Suite 467"
CRM1267,Rebecca Brown,rebeccab491@clientlink.io,9197970787,"Chennai, 38113 Lopez Pine Apt. 928"
CRM2138,Morgan Evans,morganev355@clientlink.io,9121724902,"Pune, 4630 Andrew Ranch Suite 336"
CRM1673,Craig Daniels,craigdan881@clientlink.io,9244096091,"New York, NY, 617 Brianna Roads"
CRM1096,Kristy Bryan,kristybr910@clientlink.io,9173864104,"Hyderabad, 396 Tyler Road Suite 473"
CRM2154,James Collins,jamescol610@clientlink.io,9609578849,"New York, NY, 2186 Vanessa Flats"
CRM1150,Mark Copeland,markcope835@clientlink.io,9341206079,"Hyderabad, 0632 Moore Wells Suite 154"
CRM1475,Michael Cooper,michaelc380@clientlink.io,9645985356,"Mumbai, 9055 Aaron Ways Suite 209"
CRM1076,Robert Pearson,robertpe502@clientlink.io,9621453189,"Hyderabad, 1518 Benjamin Station"
CRM1077,Lisa Cox,lisacox178@clientlink.io,9162959284,"Kolkata, 515 Angela Lights"
CRM1635,Maria Gardner,mariagar461@clientlink.io,9120333847,"Chennai, 221 Flowers Crest"
CRM1102,Katie Hicks,katiehic629@clientlink.io,9402533494,"Hyderabad, 5169 Robles Stream"
CRM1868,Phillip Kelly,phillipk126@clientlink.io,9591291025,"Pune, 321 Cody Rapid Suite 871"
CRM1466,Sally Leon,sallyleo300@clientlink.io,9515070154,"Pune, 9828 Jonathan Mountain"
CRM1897,Nicole Johnson,nicolejo804@clientlink.io,9226042285,"Hyderabad, 6738 Anthony Ridges Suite 461"
CRM1902,Scott Ayers,scottaye621@clientlink.io,9401812742,"New York, NY, 0784 Herring Points Suite 095"
CRM1038,Jesse Parker,jessepar551@clientlink.io,9602564736,"Pune, 82337 Hardy Trace Suite 134"
CRM1974,James Davis,jamesdav545@clientlink.io,9472271797,"New York, NY, 3198 Kristi Harbor Suite 823"
CRM1958,Steven Duncan,stevendu84@clientlink.io,9927175323,"Mumbai, 906 John Tunnel"
CRM1817,Tamara Graves,tamaragr318@clientlink.io,9388749542,"Pune, 09109 Lori Fields Apt. 671"
CRM1494,Brian Frost,brianfro577@clientlink.io,9498585961,"Bengaluru, 85948 Lawson Causeway Apt. 562"
CRM1259,Jason Floyd,jasonflo458@clientlink.io,9630208579,"Bengaluru, 1204 Jones Mountains"
CRM1116,Michael Stanley,michaels645@clientlink.io,9536344399,"Berlin, DE, 230 Tiffany Mountain Suite 863"
CRM1921,James Miller,jamesmil111@clientlink.io,9149330844,"Singapore, 2391 Kimberly Row"
CRM1742,Megan Rangel,meganran284@clientlink.io,9155337035,"Kolkata, 541 Morrison Union"
CRM1266,Martin Price,martinpr456@clientlink.io,9728492896,"Singapore, 53910 Diana Village Apt. 705"
CRM2157,Angela Mullen,angelamu176@clientlink.io,9153312407,"London, UK, 72887 Thomas Tunnel"
CRM1959,Rachel Dickerson,racheldi278@clientlink.io,9114810579,"Hyderabad, 16599 Perez Center Apt. 622"
CRM1846,Scott Kelly,scottkel274@clientlink.io,9205877984,"Hyderabad, 8011 Jesse Way"
CRM1753,Robert Whitehead,robertwh749@clientlink.io,9962017778,"San Francisco, CA, 06724 Gonzalez Parks"
CRM1826,Kristen Chan,kristenc215@clientlink.io,9846564420,"San Francisco, CA, 83061 Lucas Neck Apt. 124"
CRM1986,Jeffery Adkins,jefferya963@clientlink.io,9292157835,"Mumbai, 92300 Jones Meadows Suite 007"
CRM1624,Tom Watkins,tomwatki858@clientlink.io,9644725317,"New York, NY, 930 King Inlet Suite 205"
CRM1026,Curtis Johnson,curtisjo67@clientlink.io,9933223566,"Hyderabad, 6936 Ross Drive"
CRM1054,Dr. Ashley James MD,drashley903@clientlink.io,9666585408,"London, UK, 0909 Wall Heights Apt. 953"
CRM2036,Michelle Sandoval,michelle229@clientlink.io,9480043678,"Delhi NCR, 55491 Sharon Shoals Apt. 516"
CRM1835,Philip Fischer,philipfi824@clientlink.io,9954330018,"Kolkata, 416 Larry Wells Suite 154"
CRM1111,Timothy Smith,timothys388@clientlink.io,9996139578,"London, UK, 9904 Schwartz Circle Apt. 742"
CRM1785,Audrey Williams,audreywi813@clientlink.io,9792463878,"Chennai, 50801 Richards Branch Suite 253"
CRM1087,Emily Collins,emilycol262@clientlink.io,9711684318,"London, UK, 34505 Martinez Land Suite 676"
CRM1946,Paul Lane,paullane263@clientlink.io,9250141520,"Pune, 95314 Kristy Manors Apt. 560"
CRM2061,Misty Hernandez,mistyher835@clientlink.io,9316320731,"Delhi NCR, 9121 Christopher Causeway"
CRM2141,Joshua Adams,joshuaad802@clientlink.io,9575786397,"Chennai, 822 William Ranch"
CRM2005,Melissa Martinez,melissam953@clientlink.io,9147137549,"Hyderabad, 80236 Corey Underpass"
CRM1502,Dustin Anderson,dustinan869@clientlink.io,9206389694,"Berlin, DE, 374 Robert Plaza"
CRM1067,Holly Farmer,hollyfar684@clientlink.io,9204078666,"Kolkata, 402 Park Inlet"
CRM1571,Mia Flowers,miaflowe429@clientlink.io,9925884151,"London, UK, 1072 Becker Pike Suite 982"
CRM1130,Melissa Miller,melissam49@clientlink.io,9385042337,"Bengaluru, 9996 Johnson Groves"
CRM1518,Sara Thomas,sarathom529@clientlink.io,9944403809,"New York, NY, 54361 Jackson Creek Apt. 145"
CRM1226,Ian Frazier,ianfrazi983@clientlink.io,9675379544,"Berlin, DE, 7812 Meagan Walks Apt. 834"
CRM2076,James Salas,jamessal335@clientlink.io,9746809909,"London, UK, 43838 Savannah Plaza Apt. 692"
CRM1216,Mrs. Tonya Moss,mrstonya980@clientlink.io,9654724287,"Hyderabad, 422 Smith Mountain Apt. 025"
CRM1647,Gabriel Campbell,gabrielc501@clientlink.io,9440419907,"Chennai, 7903 Katrina Land"
CRM1532,Wendy Davis,wendydav205@clientlink.io,9794604127,"Pune, 1752 Martin Harbors"
CRM1791,Eric Petersen,ericpete26@clientlink.io,9437675369,"Hyderabad, 243 Marquez Plaza"
CRM1157,Pamela Santos,pamelasa190@clientlink.io,9334978881,"Berlin, DE, 31617 Kyle Streets"
CRM1620,Erin Lewis,erinlewi477@clientlink.io,9657629251,"Delhi NCR, 670 Justin Burg"
CRM1919,Alfred Leonard,alfredle143@clientlink.io,9720551525,"London, UK, 083 Benjamin Cape Suite 879"
CRM1255,Margaret Collins,margaret71@clientlink.io,9176675731,"Delhi NCR, 4564 Kevin Alley"
CRM1253,Arthur Johns,arthurjo445@clientlink.io,9312406764,"Bengaluru, 49216 Perez Street"
CRM2116,David Nelson,davidnel414@clientlink.io,9184777341,"Berlin, DE, 530 Andrews Cape"
CRM1702,Samuel Simpson,samuelsi587@clientlink.io,9590483627,"Mumbai, 448 Barnes Villages Suite 510"
CRM1522,Tony Dorsey,tonydors653@clientlink.io,9805560474,"Bengaluru, 836 Bianca Manor Apt. 135"
CRM1453,Thomas White,thomaswh639@clientlink.io,9196955134,"London, UK, 8413 Jenkins Track"
CRM1903,Courtney Lee,courtney309@clientlink.io,9855971970,"Pune, 79720 Adrienne Squares"
CRM2176,Sara Moses,saramose519@clientlink.io,9803731001,"Pune, 26980 Wendy Grove"
CRM1913,John Harris,johnharr475@clientlink.io,9496287154,"San Francisco, CA, 8172 Rachel Neck Suite 545"
CRM1819,Michael Morales,michaelm505@clientlink.io,9421856529,"Bengaluru, 37220 Brian Wells Apt. 217"
CRM1225,Manuel Mccullough,manuelmc207@clientlink.io,9874473159,"Chennai, 929 Aguirre Meadow Apt. 053"
CRM1928,Phillip Anderson,phillipa63@clientlink.io,9277731206,"Kolkata, 27061 Mendez Neck"
CRM1544,Debra Hopkins,debrahop639@clientlink.io,9478557676,"Kolkata, 306 Alexis Drives Suite 895"
CRM1867,Desiree Swanson,desirees201@clientlink.io,9676480186,"Chennai, 504 Victoria Highway"
CRM2185,Lauren Li,laurenli944@clientlink.io,9919177195,"Delhi NCR, 24362 Anderson Valleys"
CRM2053,Brian Turner,briantur190@clientlink.io,9286521875,"Hyderabad, 008 Page Divide Suite 690"
CRM1681,Cristian Mata,cristian498@clientlink.io,9250980852,"Chennai, 16667 Marie Circle"
CRM1666,Lauren Moody,laurenmo945@clientlink.io,9140048684,"Delhi NCR, 3415 Stephen Station"
CRM1108,Joshua Hickman,joshuahi574@clientlink.io,9574417266,"Berlin, DE, 3454 Rebecca Corners Apt. 802"
CRM1081,Cheyenne Gregory,cheyenne313@clientlink.io,9303901283,"Hyderabad, 862 Laurie Dam Suite 075"
CRM1044,Allison Perez,allisonp901@clientlink.io,9214257751,"Singapore, 027 Moon Falls Suite 717"
CRM1896,Kimberly Proctor,kimberly99@clientlink.io,9976955647,"San Francisco, CA, 9598 Deborah Haven"
CRM1775,Shannon Weber,shannonw450@clientlink.io,9823737375,"Delhi NCR, 61618 April Ports"
CRM1482,Brittany Campbell,brittany167@clientlink.io,9504499880,"Delhi NCR, 8149 Welch Forge Suite 460"
CRM1117,Colin Golden,colingol895@clientlink.io,9354194771,"Delhi NCR, 033 Craig Bypass Suite 903"
CRM1898,Mary Murray,marymurr612@clientlink.io,9892005907,"Berlin, DE, 722 Black Flat Suite 085"
CRM1408,Amy Welch,amywelch720@clientlink.io,9990626742,"Pune, 8455 Margaret Pines Apt. 673"
CRM1249,Robert Rodgers,robertro43@clientlink.io,9412737284,"Hyderabad, 88574 Hart Port Apt. 612"
CRM1159,Scott Jackson,scottjac477@clientlink.io,9230307805,"Delhi NCR, 80003 Thomas Lights"
CRM1608,Morgan Cummings,morgancu698@clientlink.io,9802506364,"San Francisco, CA, 957 Flores Fall"
CRM1263,Jessica Lee,jessical793@clientlink.io,9122275263,"Singapore, 7848 Lopez Ferry"
CRM1185,Tammie Prince,tammiepr355@clientlink.io,9450948014,"Kolkata, 7132 Mccann Mills Suite 469"
CRM2182,Sarah Smith,sarahsmi870@clientlink.io,9282521788,"Singapore, 290 Jacob Club"
CRM1686,Travis Johnson,travisjo486@clientlink.io,9226942964,"Pune, 3369 Christopher Extensions Apt. 231"
CRM1925,Kenneth Reynolds,kennethr319@clientlink.io,9797929178,"Delhi NCR, 4812 Thompson Course"
CRM1766,Sandra Sanders,sandrasa977@clientlink.io,9179811669,"Singapore, 8586 Mary Throughway Suite 535"
CRM1701,Jeffrey Short,jeffreys474@clientlink.io,9159738492,"Delhi NCR, 0641 Simmons Extension Suite 438"
CRM1330,Anita Serrano,anitaser631@clientlink.io,9347087743,"Chennai, 18195 Steven Road"
CRM1948,Jessica Baker,jessicab301@clientlink.io,9752398123,"Berlin, DE, 62259 Margaret Lodge Suite 882"
CRM1754,Sarah Ramirez,sarahram946@clientlink.io,9443847870,"Hyderabad, 6270 Ali Cliff Suite 794"
CRM1047,Willie Durham,williedu954@clientlink.io,9936043811,"New York, NY, 4846 Baird Gardens"
CRM1202,Anthony Li,anthonyl555@clientlink.io,9472807202,"Kolkata, 1100 Elizabeth Extension Suite 579"
CRM1592,Crystal Burgess,crystalb84@clientlink.io,9586989309,"Berlin, DE, 10272 Williams Keys"
CRM2048,Kathryn Anderson,kathryna552@clientlink.io,9606467254,"Chennai, 32109 Anderson Spurs Apt. 170"
CRM1368,Amanda Barrett,amandaba793@clientlink.io,9991010113,"New York, NY, 79056 Morris Courts Suite 135"
CRM1301,Louis Morgan,louismor112@clientlink.io,9572775194,"New York, NY, 60166 Janet Ramp"
CRM1356,Raymond Todd,raymondt982@clientlink.io,9819929088,"Berlin, DE, 1401 Contreras Throughway"
CRM2197,Russell Holland,russellh191@clientlink.io,9777566277,"Chennai, 19335 Amber Fall"
CRM1006,Sarah Parsons,sarahpar527@clientlink.io,9349817734,"London, UK, 1395 Diana Locks Suite 242"
CRM1661,Aaron Gallegos,aarongal426@clientlink.io,9269587940,"Singapore, 9666 Dana River"
CRM2115,Michael Payne,michaelp596@clientlink.io,9609838807,"Hyderabad, 2763 Taylor Walks"
CRM1034,Raymond Jefferson,raymondj531@clientlink.io,9248532577,"San Francisco, CA, 8651 Smith Manor"
CRM1864,James Gregory,jamesgre408@clientlink.io,9561228852,"Mumbai, 4203 Avila Curve Suite 863"
CRM1733,Haley Travis,haleytra400@clientlink.io,9820848547,"New York, NY, 532 Walsh Extensions Suite 425"
CRM1509,Brittany Anderson,brittany305@clientlink.io,9933409017,"Hyderabad, 7161 Barnes Parkway Apt. 294"
CRM1803,Kristen Wood,kristenw609@clientlink.io,9829816799,"Singapore, 52480 Phillip Expressway"
CRM1555,Kelsey Garcia,kelseyga993@clientlink.io,9368018471,"Bengaluru, 665 Gonzalez Causeway"
CRM1052,Nicole Hamilton MD,nicoleha555@clientlink.io,9916690353,"Delhi NCR, 05045 Jordan Gardens Suite 922"
CRM1281,Erin Daniels,erindani427@clientlink.io,9692975437,"Bengaluru, 48262 Lonnie Point"
CRM1409,Stacy Harrington,stacyhar729@clientlink.io,9393421844,"Pune, 85628 Lewis Pass"
CRM1619,Lisa Rivera,lisarive740@clientlink.io,9247141682,"Chennai, 55810 Michael Flat Apt. 863"
CRM1470,Tiffany Skinner,tiffanys142@clientlink.io,9520861681,"London, UK, 9183 Martin Meadow Suite 488"
CRM2130,Nicholas Zuniga,nicholas808@clientlink.io,9704177085,"Bengaluru, 2690 Emily Manor Suite 513"
CRM1198,Tamara Powell,tamarapo213@clientlink.io,9867741192,"Bengaluru, 098 David Station"
CRM2179,Amanda Sanders,amandasa753@clientlink.io,9468472812,"Berlin, DE, 985 Holly Forges Apt. 272"
CRM1458,David Davis,daviddav471@clientlink.io,9166436383,"Bengaluru, 131 Jennifer Cape"
CRM1473,Dr. Jessica Durham,drjessic979@clientlink.io,9990087914,"Berlin, DE, 1614 Matthew Prairie"
CRM1636,Scott Ramirez,scottram717@clientlink.io,9543412542,"Hyderabad, 5295 Shelia Lodge"
CRM2146,Nicholas Arellano,nicholas528@clientlink.io,9861894343,"Kolkata, 3460 Christy Isle Apt. 057"
CRM1282,Ryan Thomas,ryanthom482@clientlink.io,9221827951,"Bengaluru, 7423 David Burg Suite 999"
CRM1604,Shirley Cox,shirleyc519@clientlink.io,9431292818,"Mumbai, 793 Hartman Forks Apt. 836"
CRM1165,Jason Herrera,jasonher293@clientlink.io,9784683755,"New York, NY, 12490 Mary Islands Apt. 135"
CRM1152,Virginia Henderson,virginia84@clientlink.io,9925159146,"San Francisco, CA, 11554 Patrick Via Apt. 218"
CRM1342,Shaun Meyer DDS,shaunmey996@clientlink.io,9602866993,"Bengaluru, 5670 Lopez Brooks"
CRM1725,Dalton Clark,daltoncl67@clientlink.io,9933291969,"Delhi NCR, 0352 Serrano Landing"
CRM2112,Lori Stephens,loristep784@clientlink.io,9544514776,"London, UK, 3156 Allen Oval Apt. 551"
CRM1172,Kyle Smith,kylesmit408@clientlink.io,9551125671,"London, UK, 52500 Brenda Divide"
CRM2200,Jeff Wallace,jeffwall814@clientlink.io,9625679392,"Bengaluru, 36109 Campbell Course"
CRM1365,Carly Jordan,carlyjor667@clientlink.io,9327746886,"Singapore, 788 Alvarez Walk"
CRM1687,Emily Lee,emilylee524@clientlink.io,9836665942,"Berlin, DE, 8170 Norman Manor Suite 155"
CRM1705,Allison Bradley,allisonb84@clientlink.io,9720956992,"Mumbai, 6074 Cardenas Key"
CRM2030,Samuel Vazquez,samuelva86@clientlink.io,9972680546,"Mumbai, 66185 Terrence Course"
CRM1500,Erin Gomez,eringome251@clientlink.io,9501538092,"Kolkata, 5016 Gonzalez Pines"
CRM1722,Phillip Carter,phillipc698@clientlink.io,9741866641,"Berlin, DE, 1587 Torres Turnpike"
CRM1800,Alex Graham,alexgrah344@clientlink.io,9930598266,"Mumbai, 3454 Moore Forges Apt. 065"
CRM1413,Theresa Dennis,theresad230@clientlink.io,9669601448,"Kolkata, 7288 Heather Motorway"
CRM1576,Jennifer Campos,jennifer861@clientlink.io,9159499094,"Bengaluru, 98940 Martinez Skyway Apt. 787"
CRM1273,Michael Hernandez,michaelh895@clientlink.io,9533979662,"New York, NY, 64622 Miller Ports"
CRM1657,Scott Porter,scottpor695@clientlink.io,9154508960,"New York, NY, 917 Miller Summit"
CRM1199,Martin Wise,martinwi652@clientlink.io,9991819497,"Hyderabad, 16761 Wells Drives"
CRM1562,Colleen Cox,colleenc693@clientlink.io,9443154754,"Chennai, 14624 Dylan Wells Apt. 130"
CRM1214,Antonio Mueller,antoniom274@clientlink.io,9956665975,"Chennai, 1983 Young Tunnel Suite 066"
CRM1895,Nicole Friedman,nicolefr470@clientlink.io,9134607126,"Pune, 984 Stephanie Crossroad Apt. 509"
CRM2065,Jeremy Stein,jeremyst392@clientlink.io,9177880216,"Berlin, DE, 995 Joseph Brooks Apt. 059"
CRM2110,Melissa Murphy,melissam780@clientlink.io,9262275325,"Berlin, DE, 5024 Jennifer Ford"
CRM2108,Charles Hensley,charlesh55@clientlink.io,9578647558,"Pune, 58807 Kayla Skyway Suite 326"
CRM1527,Rodney Daugherty,rodneyda74@clientlink.io,9244796859,"Berlin, DE, 662 Linda Rue Suite 341"
CRM1854,Ashley Neal,ashleyne497@clientlink.io,9473984594,"Bengaluru, 769 Brian Falls"
CRM1685,Brian Ferguson,brianfer719@clientlink.io,9486066116,"Hyderabad, 55333 Martin Groves Apt. 350"
CRM1793,Robin Riggs,robinrig316@clientlink.io,9182611003,"Delhi NCR, 8948 Gonzalez Center Suite 791"
CRM1388,Charles Hall,charlesh127@clientlink.io,9853529912,"Singapore, 1707 Zhang Points Suite 771"
CRM1792,Carrie Hardy,carrieha850@clientlink.io,9907727084,"Berlin, DE, 75367 Randolph Mount Suite 249"
CRM1053,Cynthia Durham,cynthiad979@clientlink.io,9610330567,"New York, NY, 4074 Charles Key Suite 647"
CRM2131,Matthew Morrison,matthewm911@clientlink.io,9675132064,"Chennai, 5598 Rodriguez Camp"
CRM1431,Lori Riley,loririle424@clientlink.io,9715683222,"Berlin, DE, 1207 Kevin Road Suite 110"
CRM2165,Michelle Hays,michelle268@clientlink.io,9592845370,"Hyderabad, 48110 Smith Crest Suite 764"
CRM1820,Gary Flores,garyflor748@clientlink.io,9364774064,"Singapore, 89437 Michael Lock Apt. 510"
CRM1631,Erica Huang,ericahua62@clientlink.io,9874597473,"London, UK, 754 John Lock Suite 675"
CRM2124,Melissa Nunez,melissan99@clientlink.io,9171953537,"Kolkata, 34686 Grace Forge"
CRM2032,Kristin Castro,kristinc104@clientlink.io,9238288872,"Chennai, 484 Mendoza Islands Suite 422"
CRM1699,Nicholas Wheeler,nicholas220@clientlink.io,9830461452,"Berlin, DE, 72362 Myers Fields"
CRM1233,Jennifer Costa,jennifer663@clientlink.io,9235591568,"San Francisco, CA, 37977 Jeffrey Loop Apt. 929"
CRM1694,Veronica Smith,veronica904@clientlink.io,9739750911,"Bengaluru, 97753 Hayes Forest Suite 948"
CRM1411,William Trujillo,williamt683@clientlink.io,9708082645,"Kolkata, 4492 Stone Gateway"
CRM1119,Donald Hawkins,donaldha956@clientlink.io,9890880074,"Chennai, 705 Floyd Island Suite 624"
CRM1497,Jessica Romero,jessicar160@clientlink.io,9651208305,"Kolkata, 0930 Park Summit"
CRM1414,Jaclyn Crane,jaclyncr171@clientlink.io,9466034277,"Chennai, 82154 Turner Oval Apt. 229"
CRM1922,Anna Gonzalez,annagonz26@clientlink.io,9593472161,"Bengaluru, 93096 Miller Spur"
CRM1492,Bradley King,bradleyk214@clientlink.io,9977130288,"London, UK, 43598 Robert Drives"
CRM1170,Francis Robinson,francisr434@clientlink.io,9168965204,"Kolkata, 321 Diane Grove Apt. 396"
CRM1931,Steven Parker,stevenpa89@clientlink.io,9611967311,"Delhi NCR, 4623 Mendoza Coves Apt. 476"
CRM1182,Rhonda Martinez,rhondama37@clientlink.io,9811890569,"Bengaluru, 294 Bartlett Valley"
CRM1304,Rebecca Nguyen,rebeccan356@clientlink.io,9384566044,"London, UK, 93827 Jones Fords Suite 695"
CRM1085,Michael Mills,michaelm92@clientlink.io,9645276696,"Delhi NCR, 7065 Burgess Knolls"
CRM1830,James Sherman,jamesshe383@clientlink.io,9521910884,"Bengaluru, 39791 Mary Tunnel"
CRM1136,Rebecca Ortiz,rebeccao81@clientlink.io,9563102056,"Singapore, 266 Shane Rapid Suite 968"
CRM2174,Richard Green,richardg839@clientlink.io,9961531511,"London, UK, 3202 Sherry Drive"
CRM1541,Eric Fuentes,ericfuen323@clientlink.io,9417440983,"San Francisco, CA, 6558 Mills Track Suite 127"
CRM1305,Michael Stevenson,michaels92@clientlink.io,9797756796,"Chennai, 8172 Blanchard Cliff Apt. 965"
CRM1074,Justin Riley,justinri563@clientlink.io,9800235246,"Mumbai, 527 Taylor Roads Suite 490"
CRM1881,Stephanie Meyer,stephani64@clientlink.io,9765086407,"Chennai, 56129 Peterson Plaza Apt. 695"
CRM1317,Marissa Nelson,marissan519@clientlink.io,9358589021,"London, UK, 3938 Byrd Falls Suite 800"
CRM1715,Patricia Jones,patricia484@clientlink.io,9420364823,"Singapore, 339 Mary Burgs"
CRM1033,David Wood,davidwoo380@clientlink.io,9528853029,"Hyderabad, 1904 Sanders Stravenue"
CRM1688,Ryan Turner,ryanturn130@clientlink.io,9841193655,"Singapore, 45023 Anne Crossroad Apt. 270"
CRM1729,Luis Kim,luiskim236@clientlink.io,9659689063,"Kolkata, 50902 Villarreal Glen"
CRM1886,Jon Ramos,jonramos824@clientlink.io,9133136428,"Hyderabad, 66292 Smith Union Apt. 776"
CRM1241,Kelly Mclaughlin,kellymcl620@clientlink.io,9751028618,"London, UK, 895 Richmond Harbor Apt. 937"
CRM1805,Robert Byrd,robertby85@clientlink.io,9865694462,"Bengaluru, 859 Walton Pine Suite 287"
CRM1133,Carolyn James,carolynj270@clientlink.io,9304095531,"Mumbai, 12646 Washington Club Suite 437"
CRM1228,Jonathan Davis,jonathan788@clientlink.io,9733064117,"New York, NY, 272 Ashley Port"
CRM1707,Luis Singh,luissing966@clientlink.io,9174108740,"San Francisco, CA, 165 Fowler Throughway"
CRM1844,Keith Dyer,keithdye670@clientlink.io,9704753177,"Singapore, 899 Courtney Pines"
CRM2114,Bradley Aguirre,bradleya998@clientlink.io,9549502766,"New York, NY, 01975 Matthew Well Suite 640"
CRM1460,Austin Briggs,austinbr186@clientlink.io,9793773681,"Mumbai, 9718 Johnathan Court Suite 625"
CRM1380,Alexander Williams,alexande543@clientlink.io,9807491789,"Pune, 3459 Daniel Gateway"
CRM1804,Dana Lynch,danalync643@clientlink.io,9929108437,"Pune, 2132 Carlos Lane"
CRM1321,Ashley Fernandez,ashleyfe611@clientlink.io,9471048258,"Pune, 410 Chad Stream Suite 707"
CRM1856,Samuel Harris,samuelha839@clientlink.io,9147978060,"Berlin, DE, 716 Joan Islands"
CRM1879,Keith Phillips,keithphi578@clientlink.io,9286009450,"Delhi NCR, 31234 Kimberly Meadows"
CRM1658,Paul Hayes,paulhaye63@clientlink.io,9350006353,"Bengaluru, 596 Forbes Brooks"
CRM1308,Sharon Young,sharonyo250@clientlink.io,9173466219,"Singapore, 6832 Taylor Point Suite 562"
CRM1017,Daniel Baker,danielba687@clientlink.io,9149203558,"Hyderabad, 2784 Elizabeth Plaza Suite 124"
CRM1059,Molly Mcclure,mollymcc356@clientlink.io,9168747287,"Mumbai, 53773 Garcia Spur Suite 850"
CRM1278,Matthew Smith,matthews458@clientlink.io,9409268943,"Berlin, DE, 04636 Rebecca Oval Apt. 238"
CRM1256,John Smith,johnsmit776@clientlink.io,9738923667,"London, UK, 4930 Lopez Points"
